"","entidad","tipo_delito","total_delitos","total_delito_fuero_comun","total_delito_fuero_federal"
"1","Nacional","Total",133043,118851,14192
"2","Nacional","10100",9730,9685,45
"3","Nacional","10200",922,883,39
"4","Nacional","10300",17,15,2
"5","Nacional","10400",5983,5956,27
"6","Nacional","10500",544,543,1
"7","Nacional","20100",1115,1050,65
"8","Nacional","20200",17,17,0
"9","Nacional","20300",105,105,0
"10","Nacional","20400",12,12,0
"11","Nacional","20500",352,351,1
"12","Nacional","20600",4718,4541,177
"13","Nacional","20700",67,67,0
"14","Nacional","30100",2680,2680,0
"15","Nacional","30200",53,53,0
"16","Nacional","30300",19,19,0
"17","Nacional","30400",6440,6440,0
"18","Nacional","30500",49,49,0
"19","Nacional","30600",0,0,0
"20","Nacional","30700",543,543,0
"21","Nacional","40100",43229,42468,761
"22","Nacional","40200",259,2,257
"23","Nacional","40300",845,837,8
"24","Nacional","40400",223,223,0
"25","Nacional","40500",1563,1537,26
"26","Nacional","40600",1897,1882,15
"27","Nacional","40700",420,420,0
"28","Nacional","40800",226,213,13
"29","Nacional","50100",7564,7438,126
"30","Nacional","50200",1083,1083,0
"31","Nacional","50300",151,151,0
"32","Nacional","60100",1117,1073,44
"33","Nacional","60200",180,157,23
"34","Nacional","60300",107,107,0
"35","Nacional","60400",6,6,0
"36","Nacional","60500",9,9,0
"37","Nacional","60600",63,62,1
"38","Nacional","70100",20544,19666,878
"39","Nacional","70200",5753,62,5691
"40","Nacional","70300",22,21,1
"41","Nacional","70400",1430,1401,29
"42","Nacional","70500",180,42,138
"43","Nacional","70600",5937,779,5158
"44","Nacional","70700",359,304,55
"45","Nacional","70800",23,23,0
"46","Nacional","70900",355,348,7
"47","Nacional","80100",1914,1787,127
"48","Nacional","80200",66,64,2
"49","Nacional","80300",34,5,29
"50","Nacional","80400",24,1,23
"51","Nacional","80500",313,312,1
"52","Nacional","90100",594,592,2
"53","Nacional","90200",970,968,2
"54","Nacional","90300",119,102,17
"55","Nacional","90400",162,126,36
"56","Nacional","90500",67,40,27
"57","Nacional","90600",122,104,18
"58","Nacional","90700",105,1,104
"59","Nacional","90800",1,0,1
"60","Nacional","90900",14,2,12
"61","Nacional","91000",1,0,1
"62","Nacional","91100",88,3,85
"63","Nacional","91200",344,340,4
"64","Nacional","91300",76,62,14
"65","Nacional","91400",14,12,2
"66","Nacional","91500",52,48,4
"67","Nacional","91600",35,7,28
"68","Nacional","91700",13,13,0
"69","Nacional","91800",928,869,59
"70","Nacional","100100",65,59,6
"71","Nacional","999999",11,11,0
"72","Aguascalientes","Total",2902,2676,226
"73","Aguascalientes","10100",89,89,0
"74","Aguascalientes","10200",11,11,0
"75","Aguascalientes","10300",0,0,0
"76","Aguascalientes","10400",198,198,0
"77","Aguascalientes","10500",1,1,0
"78","Aguascalientes","20100",57,57,0
"79","Aguascalientes","20200",0,0,0
"80","Aguascalientes","20300",4,4,0
"81","Aguascalientes","20400",0,0,0
"82","Aguascalientes","20500",0,0,0
"83","Aguascalientes","20600",14,14,0
"84","Aguascalientes","20700",0,0,0
"85","Aguascalientes","30100",5,5,0
"86","Aguascalientes","30200",0,0,0
"87","Aguascalientes","30300",7,7,0
"88","Aguascalientes","30400",105,105,0
"89","Aguascalientes","30500",2,2,0
"90","Aguascalientes","30600",0,0,0
"91","Aguascalientes","30700",8,8,0
"92","Aguascalientes","40100",1132,1132,0
"93","Aguascalientes","40200",1,0,1
"94","Aguascalientes","40300",20,20,0
"95","Aguascalientes","40400",15,15,0
"96","Aguascalientes","40500",8,8,0
"97","Aguascalientes","40600",73,73,0
"98","Aguascalientes","40700",5,5,0
"99","Aguascalientes","40800",0,0,0
"100","Aguascalientes","50100",105,105,0
"101","Aguascalientes","50200",14,14,0
"102","Aguascalientes","50300",0,0,0
"103","Aguascalientes","60100",26,26,0
"104","Aguascalientes","60200",2,2,0
"105","Aguascalientes","60300",0,0,0
"106","Aguascalientes","60400",0,0,0
"107","Aguascalientes","60500",0,0,0
"108","Aguascalientes","60600",0,0,0
"109","Aguascalientes","70100",681,641,40
"110","Aguascalientes","70200",115,0,115
"111","Aguascalientes","70300",0,0,0
"112","Aguascalientes","70400",0,0,0
"113","Aguascalientes","70500",0,0,0
"114","Aguascalientes","70600",70,0,70
"115","Aguascalientes","70700",0,0,0
"116","Aguascalientes","70800",0,0,0
"117","Aguascalientes","70900",0,0,0
"118","Aguascalientes","80100",6,6,0
"119","Aguascalientes","80200",0,0,0
"120","Aguascalientes","80300",1,1,0
"121","Aguascalientes","80400",0,0,0
"122","Aguascalientes","80500",0,0,0
"123","Aguascalientes","90100",88,88,0
"124","Aguascalientes","90200",21,21,0
"125","Aguascalientes","90300",2,2,0
"126","Aguascalientes","90400",2,2,0
"127","Aguascalientes","90500",3,3,0
"128","Aguascalientes","90600",0,0,0
"129","Aguascalientes","90700",0,0,0
"130","Aguascalientes","90800",0,0,0
"131","Aguascalientes","90900",0,0,0
"132","Aguascalientes","91000",0,0,0
"133","Aguascalientes","91100",0,0,0
"134","Aguascalientes","91200",2,2,0
"135","Aguascalientes","91300",0,0,0
"136","Aguascalientes","91400",0,0,0
"137","Aguascalientes","91500",8,8,0
"138","Aguascalientes","91600",0,0,0
"139","Aguascalientes","91700",0,0,0
"140","Aguascalientes","91800",1,1,0
"141","Aguascalientes","100100",0,0,0
"142","Aguascalientes","999999",0,0,0
"143","Baja California","Total",14731,9977,4754
"144","Baja California","10100",991,990,1
"145","Baja California","10200",38,0,38
"146","Baja California","10300",0,0,0
"147","Baja California","10400",601,601,0
"148","Baja California","10500",77,77,0
"149","Baja California","20100",127,98,29
"150","Baja California","20200",3,3,0
"151","Baja California","20300",7,7,0
"152","Baja California","20400",0,0,0
"153","Baja California","20500",13,13,0
"154","Baja California","20600",137,137,0
"155","Baja California","20700",0,0,0
"156","Baja California","30100",204,204,0
"157","Baja California","30200",0,0,0
"158","Baja California","30300",0,0,0
"159","Baja California","30400",525,525,0
"160","Baja California","30500",0,0,0
"161","Baja California","30600",0,0,0
"162","Baja California","30700",0,0,0
"163","Baja California","40100",5209,4769,440
"164","Baja California","40200",3,0,3
"165","Baja California","40300",53,53,0
"166","Baja California","40400",26,26,0
"167","Baja California","40500",3,3,0
"168","Baja California","40600",478,477,1
"169","Baja California","40700",9,9,0
"170","Baja California","40800",4,4,0
"171","Baja California","50100",695,571,124
"172","Baja California","50200",126,126,0
"173","Baja California","50300",2,2,0
"174","Baja California","60100",92,52,40
"175","Baja California","60200",2,2,0
"176","Baja California","60300",0,0,0
"177","Baja California","60400",0,0,0
"178","Baja California","60500",0,0,0
"179","Baja California","60600",1,1,0
"180","Baja California","70100",0,0,0
"181","Baja California","70200",3078,0,3078
"182","Baja California","70300",1,1,0
"183","Baja California","70400",243,237,6
"184","Baja California","70500",15,4,11
"185","Baja California","70600",869,0,869
"186","Baja California","70700",31,31,0
"187","Baja California","70800",0,0,0
"188","Baja California","70900",35,30,5
"189","Baja California","80100",9,9,0
"190","Baja California","80200",12,12,0
"191","Baja California","80300",0,0,0
"192","Baja California","80400",0,0,0
"193","Baja California","80500",13,13,0
"194","Baja California","90100",38,38,0
"195","Baja California","90200",622,621,1
"196","Baja California","90300",6,5,1
"197","Baja California","90400",5,0,5
"198","Baja California","90500",4,2,2
"199","Baja California","90600",0,0,0
"200","Baja California","90700",1,0,1
"201","Baja California","90800",0,0,0
"202","Baja California","90900",2,0,2
"203","Baja California","91000",0,0,0
"204","Baja California","91100",83,0,83
"205","Baja California","91200",13,12,1
"206","Baja California","91300",4,0,4
"207","Baja California","91400",2,2,0
"208","Baja California","91500",7,7,0
"209","Baja California","91600",0,0,0
"210","Baja California","91700",0,0,0
"211","Baja California","91800",212,203,9
"212","Baja California","100100",0,0,0
"213","Baja California","999999",0,0,0
"214","Baja California Sur","Total",529,482,47
"215","Baja California Sur","10100",57,57,0
"216","Baja California Sur","10200",4,4,0
"217","Baja California Sur","10300",1,1,0
"218","Baja California Sur","10400",23,23,0
"219","Baja California Sur","10500",0,0,0
"220","Baja California Sur","20100",1,1,0
"221","Baja California Sur","20200",0,0,0
"222","Baja California Sur","20300",0,0,0
"223","Baja California Sur","20400",0,0,0
"224","Baja California Sur","20500",7,7,0
"225","Baja California Sur","20600",16,16,0
"226","Baja California Sur","20700",0,0,0
"227","Baja California Sur","30100",20,20,0
"228","Baja California Sur","30200",1,1,0
"229","Baja California Sur","30300",0,0,0
"230","Baja California Sur","30400",38,38,0
"231","Baja California Sur","30500",0,0,0
"232","Baja California Sur","30600",0,0,0
"233","Baja California Sur","30700",3,3,0
"234","Baja California Sur","40100",226,225,1
"235","Baja California Sur","40200",0,0,0
"236","Baja California Sur","40300",1,1,0
"237","Baja California Sur","40400",1,1,0
"238","Baja California Sur","40500",0,0,0
"239","Baja California Sur","40600",5,5,0
"240","Baja California Sur","40700",9,9,0
"241","Baja California Sur","40800",0,0,0
"242","Baja California Sur","50100",6,6,0
"243","Baja California Sur","50200",9,9,0
"244","Baja California Sur","50300",0,0,0
"245","Baja California Sur","60100",0,0,0
"246","Baja California Sur","60200",0,0,0
"247","Baja California Sur","60300",0,0,0
"248","Baja California Sur","60400",0,0,0
"249","Baja California Sur","60500",0,0,0
"250","Baja California Sur","60600",0,0,0
"251","Baja California Sur","70100",45,15,30
"252","Baja California Sur","70200",3,0,3
"253","Baja California Sur","70300",0,0,0
"254","Baja California Sur","70400",0,0,0
"255","Baja California Sur","70500",0,0,0
"256","Baja California Sur","70600",10,0,10
"257","Baja California Sur","70700",1,1,0
"258","Baja California Sur","70800",0,0,0
"259","Baja California Sur","70900",0,0,0
"260","Baja California Sur","80100",0,0,0
"261","Baja California Sur","80200",0,0,0
"262","Baja California Sur","80300",0,0,0
"263","Baja California Sur","80400",0,0,0
"264","Baja California Sur","80500",0,0,0
"265","Baja California Sur","90100",0,0,0
"266","Baja California Sur","90200",1,1,0
"267","Baja California Sur","90300",0,0,0
"268","Baja California Sur","90400",2,0,2
"269","Baja California Sur","90500",1,0,1
"270","Baja California Sur","90600",0,0,0
"271","Baja California Sur","90700",0,0,0
"272","Baja California Sur","90800",0,0,0
"273","Baja California Sur","90900",0,0,0
"274","Baja California Sur","91000",0,0,0
"275","Baja California Sur","91100",0,0,0
"276","Baja California Sur","91200",0,0,0
"277","Baja California Sur","91300",0,0,0
"278","Baja California Sur","91400",0,0,0
"279","Baja California Sur","91500",0,0,0
"280","Baja California Sur","91600",0,0,0
"281","Baja California Sur","91700",0,0,0
"282","Baja California Sur","91800",38,38,0
"283","Baja California Sur","100100",0,0,0
"284","Baja California Sur","999999",0,0,0
"285","Campeche","Total",473,444,29
"286","Campeche","10100",45,44,1
"287","Campeche","10200",1,1,0
"288","Campeche","10300",0,0,0
"289","Campeche","10400",11,10,1
"290","Campeche","10500",0,0,0
"291","Campeche","20100",8,8,0
"292","Campeche","20200",0,0,0
"293","Campeche","20300",0,0,0
"294","Campeche","20400",0,0,0
"295","Campeche","20500",0,0,0
"296","Campeche","20600",15,14,1
"297","Campeche","20700",0,0,0
"298","Campeche","30100",17,17,0
"299","Campeche","30200",0,0,0
"300","Campeche","30300",0,0,0
"301","Campeche","30400",21,21,0
"302","Campeche","30500",0,0,0
"303","Campeche","30600",0,0,0
"304","Campeche","30700",0,0,0
"305","Campeche","40100",166,166,0
"306","Campeche","40200",0,0,0
"307","Campeche","40300",7,7,0
"308","Campeche","40400",0,0,0
"309","Campeche","40500",0,0,0
"310","Campeche","40600",2,2,0
"311","Campeche","40700",4,4,0
"312","Campeche","40800",0,0,0
"313","Campeche","50100",5,5,0
"314","Campeche","50200",8,8,0
"315","Campeche","50300",0,0,0
"316","Campeche","60100",0,0,0
"317","Campeche","60200",0,0,0
"318","Campeche","60300",0,0,0
"319","Campeche","60400",0,0,0
"320","Campeche","60500",0,0,0
"321","Campeche","60600",0,0,0
"322","Campeche","70100",82,82,0
"323","Campeche","70200",16,0,16
"324","Campeche","70300",0,0,0
"325","Campeche","70400",0,0,0
"326","Campeche","70500",1,0,1
"327","Campeche","70600",1,0,1
"328","Campeche","70700",0,0,0
"329","Campeche","70800",0,0,0
"330","Campeche","70900",0,0,0
"331","Campeche","80100",26,24,2
"332","Campeche","80200",1,1,0
"333","Campeche","80300",1,0,1
"334","Campeche","80400",0,0,0
"335","Campeche","80500",0,0,0
"336","Campeche","90100",0,0,0
"337","Campeche","90200",4,4,0
"338","Campeche","90300",0,0,0
"339","Campeche","90400",1,0,1
"340","Campeche","90500",2,0,2
"341","Campeche","90600",1,0,1
"342","Campeche","90700",0,0,0
"343","Campeche","90800",0,0,0
"344","Campeche","90900",0,0,0
"345","Campeche","91000",0,0,0
"346","Campeche","91100",0,0,0
"347","Campeche","91200",1,1,0
"348","Campeche","91300",26,25,1
"349","Campeche","91400",0,0,0
"350","Campeche","91500",0,0,0
"351","Campeche","91600",0,0,0
"352","Campeche","91700",0,0,0
"353","Campeche","91800",0,0,0
"354","Campeche","100100",0,0,0
"355","Campeche","999999",0,0,0
"356","Chiapas","Total",2413,2309,104
"357","Chiapas","10100",273,273,0
"358","Chiapas","10200",44,44,0
"359","Chiapas","10300",0,0,0
"360","Chiapas","10400",63,63,0
"361","Chiapas","10500",56,56,0
"362","Chiapas","20100",14,12,2
"363","Chiapas","20200",1,1,0
"364","Chiapas","20300",12,12,0
"365","Chiapas","20400",5,5,0
"366","Chiapas","20500",9,9,0
"367","Chiapas","20600",79,79,0
"368","Chiapas","20700",0,0,0
"369","Chiapas","30100",17,17,0
"370","Chiapas","30200",2,2,0
"371","Chiapas","30300",0,0,0
"372","Chiapas","30400",109,109,0
"373","Chiapas","30500",0,0,0
"374","Chiapas","30600",0,0,0
"375","Chiapas","30700",0,0,0
"376","Chiapas","40100",846,846,0
"377","Chiapas","40200",0,0,0
"378","Chiapas","40300",2,2,0
"379","Chiapas","40400",4,4,0
"380","Chiapas","40500",9,9,0
"381","Chiapas","40600",22,22,0
"382","Chiapas","40700",68,68,0
"383","Chiapas","40800",0,0,0
"384","Chiapas","50100",110,110,0
"385","Chiapas","50200",28,28,0
"386","Chiapas","50300",0,0,0
"387","Chiapas","60100",157,157,0
"388","Chiapas","60200",5,5,0
"389","Chiapas","60300",6,6,0
"390","Chiapas","60400",0,0,0
"391","Chiapas","60500",0,0,0
"392","Chiapas","60600",18,18,0
"393","Chiapas","70100",184,170,14
"394","Chiapas","70200",48,2,46
"395","Chiapas","70300",0,0,0
"396","Chiapas","70400",7,7,0
"397","Chiapas","70500",2,2,0
"398","Chiapas","70600",29,0,29
"399","Chiapas","70700",16,16,0
"400","Chiapas","70800",0,0,0
"401","Chiapas","70900",108,108,0
"402","Chiapas","80100",15,15,0
"403","Chiapas","80200",0,0,0
"404","Chiapas","80300",1,0,1
"405","Chiapas","80400",2,0,2
"406","Chiapas","80500",2,2,0
"407","Chiapas","90100",0,0,0
"408","Chiapas","90200",0,0,0
"409","Chiapas","90300",2,0,2
"410","Chiapas","90400",2,1,1
"411","Chiapas","90500",2,2,0
"412","Chiapas","90600",2,2,0
"413","Chiapas","90700",8,1,7
"414","Chiapas","90800",0,0,0
"415","Chiapas","90900",0,0,0
"416","Chiapas","91000",0,0,0
"417","Chiapas","91100",0,0,0
"418","Chiapas","91200",4,4,0
"419","Chiapas","91300",0,0,0
"420","Chiapas","91400",2,2,0
"421","Chiapas","91500",0,0,0
"422","Chiapas","91600",0,0,0
"423","Chiapas","91700",0,0,0
"424","Chiapas","91800",18,18,0
"425","Chiapas","100100",0,0,0
"426","Chiapas","999999",0,0,0
"427","Chihuahua","Total",10334,8525,1809
"428","Chihuahua","10100",1306,1299,7
"429","Chihuahua","10200",3,3,0
"430","Chihuahua","10300",1,1,0
"431","Chihuahua","10400",246,245,1
"432","Chihuahua","10500",0,0,0
"433","Chihuahua","20100",52,50,2
"434","Chihuahua","20200",1,1,0
"435","Chihuahua","20300",14,14,0
"436","Chihuahua","20400",1,1,0
"437","Chihuahua","20500",5,5,0
"438","Chihuahua","20600",367,367,0
"439","Chihuahua","20700",0,0,0
"440","Chihuahua","30100",345,345,0
"441","Chihuahua","30200",0,0,0
"442","Chihuahua","30300",1,1,0
"443","Chihuahua","30400",779,779,0
"444","Chihuahua","30500",0,0,0
"445","Chihuahua","30600",0,0,0
"446","Chihuahua","30700",1,1,0
"447","Chihuahua","40100",2349,2349,0
"448","Chihuahua","40200",0,0,0
"449","Chihuahua","40300",71,70,1
"450","Chihuahua","40400",29,29,0
"451","Chihuahua","40500",180,180,0
"452","Chihuahua","40600",188,188,0
"453","Chihuahua","40700",6,6,0
"454","Chihuahua","40800",2,2,0
"455","Chihuahua","50100",727,727,0
"456","Chihuahua","50200",176,176,0
"457","Chihuahua","50300",0,0,0
"458","Chihuahua","60100",1,1,0
"459","Chihuahua","60200",31,31,0
"460","Chihuahua","60300",38,38,0
"461","Chihuahua","60400",0,0,0
"462","Chihuahua","60500",1,1,0
"463","Chihuahua","60600",0,0,0
"464","Chihuahua","70100",1564,1564,0
"465","Chihuahua","70200",926,0,926
"466","Chihuahua","70300",1,0,1
"467","Chihuahua","70400",0,0,0
"468","Chihuahua","70500",1,0,1
"469","Chihuahua","70600",869,0,869
"470","Chihuahua","70700",2,2,0
"471","Chihuahua","70800",0,0,0
"472","Chihuahua","70900",0,0,0
"473","Chihuahua","80100",19,19,0
"474","Chihuahua","80200",0,0,0
"475","Chihuahua","80300",0,0,0
"476","Chihuahua","80400",0,0,0
"477","Chihuahua","80500",0,0,0
"478","Chihuahua","90100",11,11,0
"479","Chihuahua","90200",0,0,0
"480","Chihuahua","90300",0,0,0
"481","Chihuahua","90400",0,0,0
"482","Chihuahua","90500",0,0,0
"483","Chihuahua","90600",0,0,0
"484","Chihuahua","90700",1,0,1
"485","Chihuahua","90800",0,0,0
"486","Chihuahua","90900",0,0,0
"487","Chihuahua","91000",0,0,0
"488","Chihuahua","91100",0,0,0
"489","Chihuahua","91200",11,11,0
"490","Chihuahua","91300",0,0,0
"491","Chihuahua","91400",1,1,0
"492","Chihuahua","91500",0,0,0
"493","Chihuahua","91600",0,0,0
"494","Chihuahua","91700",0,0,0
"495","Chihuahua","91800",7,7,0
"496","Chihuahua","100100",0,0,0
"497","Chihuahua","999999",0,0,0
"498","Ciudad de México","Total",9579,9396,183
"499","Ciudad de México","10100",588,580,8
"500","Ciudad de México","10200",94,94,0
"501","Ciudad de México","10300",0,0,0
"502","Ciudad de México","10400",147,145,2
"503","Ciudad de México","10500",0,0,0
"504","Ciudad de México","20100",92,89,3
"505","Ciudad de México","20200",0,0,0
"506","Ciudad de México","20300",30,30,0
"507","Ciudad de México","20400",0,0,0
"508","Ciudad de México","20500",5,5,0
"509","Ciudad de México","20600",233,232,1
"510","Ciudad de México","20700",0,0,0
"511","Ciudad de México","30100",244,244,0
"512","Ciudad de México","30200",0,0,0
"513","Ciudad de México","30300",3,3,0
"514","Ciudad de México","30400",173,173,0
"515","Ciudad de México","30500",0,0,0
"516","Ciudad de México","30600",0,0,0
"517","Ciudad de México","30700",0,0,0
"518","Ciudad de México","40100",4687,4685,2
"519","Ciudad de México","40200",0,0,0
"520","Ciudad de México","40300",38,37,1
"521","Ciudad de México","40400",1,1,0
"522","Ciudad de México","40500",238,238,0
"523","Ciudad de México","40600",19,19,0
"524","Ciudad de México","40700",43,43,0
"525","Ciudad de México","40800",0,0,0
"526","Ciudad de México","50100",460,460,0
"527","Ciudad de México","50200",6,6,0
"528","Ciudad de México","50300",0,0,0
"529","Ciudad de México","60100",29,29,0
"530","Ciudad de México","60200",14,14,0
"531","Ciudad de México","60300",0,0,0
"532","Ciudad de México","60400",0,0,0
"533","Ciudad de México","60500",0,0,0
"534","Ciudad de México","60600",0,0,0
"535","Ciudad de México","70100",1481,1381,100
"536","Ciudad de México","70200",0,0,0
"537","Ciudad de México","70300",11,11,0
"538","Ciudad de México","70400",30,27,3
"539","Ciudad de México","70500",8,7,1
"540","Ciudad de México","70600",340,290,50
"541","Ciudad de México","70700",17,16,1
"542","Ciudad de México","70800",0,0,0
"543","Ciudad de México","70900",0,0,0
"544","Ciudad de México","80100",237,234,3
"545","Ciudad de México","80200",0,0,0
"546","Ciudad de México","80300",1,1,0
"547","Ciudad de México","80400",0,0,0
"548","Ciudad de México","80500",0,0,0
"549","Ciudad de México","90100",1,1,0
"550","Ciudad de México","90200",0,0,0
"551","Ciudad de México","90300",64,59,5
"552","Ciudad de México","90400",10,8,2
"553","Ciudad de México","90500",21,21,0
"554","Ciudad de México","90600",0,0,0
"555","Ciudad de México","90700",0,0,0
"556","Ciudad de México","90800",0,0,0
"557","Ciudad de México","90900",0,0,0
"558","Ciudad de México","91000",0,0,0
"559","Ciudad de México","91100",0,0,0
"560","Ciudad de México","91200",74,74,0
"561","Ciudad de México","91300",9,9,0
"562","Ciudad de México","91400",2,2,0
"563","Ciudad de México","91500",0,0,0
"564","Ciudad de México","91600",0,0,0
"565","Ciudad de México","91700",0,0,0
"566","Ciudad de México","91800",129,128,1
"567","Ciudad de México","100100",0,0,0
"568","Ciudad de México","999999",0,0,0
"569","Coahuila","Total",6300,6283,17
"570","Coahuila","10100",194,194,0
"571","Coahuila","10200",62,62,0
"572","Coahuila","10300",0,0,0
"573","Coahuila","10400",89,88,1
"574","Coahuila","10500",2,2,0
"575","Coahuila","20100",20,20,0
"576","Coahuila","20200",1,1,0
"577","Coahuila","20300",1,1,0
"578","Coahuila","20400",0,0,0
"579","Coahuila","20500",8,8,0
"580","Coahuila","20600",77,77,0
"581","Coahuila","20700",0,0,0
"582","Coahuila","30100",89,89,0
"583","Coahuila","30200",3,3,0
"584","Coahuila","30300",0,0,0
"585","Coahuila","30400",119,119,0
"586","Coahuila","30500",3,3,0
"587","Coahuila","30600",0,0,0
"588","Coahuila","30700",0,0,0
"589","Coahuila","40100",923,923,0
"590","Coahuila","40200",0,0,0
"591","Coahuila","40300",28,28,0
"592","Coahuila","40400",9,9,0
"593","Coahuila","40500",8,8,0
"594","Coahuila","40600",30,30,0
"595","Coahuila","40700",10,10,0
"596","Coahuila","40800",0,0,0
"597","Coahuila","50100",513,513,0
"598","Coahuila","50200",1,1,0
"599","Coahuila","50300",0,0,0
"600","Coahuila","60100",2,2,0
"601","Coahuila","60200",3,3,0
"602","Coahuila","60300",0,0,0
"603","Coahuila","60400",0,0,0
"604","Coahuila","60500",0,0,0
"605","Coahuila","60600",0,0,0
"606","Coahuila","70100",4056,4048,8
"607","Coahuila","70200",3,0,3
"608","Coahuila","70300",1,1,0
"609","Coahuila","70400",0,0,0
"610","Coahuila","70500",0,0,0
"611","Coahuila","70600",1,0,1
"612","Coahuila","70700",18,17,1
"613","Coahuila","70800",0,0,0
"614","Coahuila","70900",1,1,0
"615","Coahuila","80100",2,2,0
"616","Coahuila","80200",0,0,0
"617","Coahuila","80300",3,2,1
"618","Coahuila","80400",0,0,0
"619","Coahuila","80500",0,0,0
"620","Coahuila","90100",15,15,0
"621","Coahuila","90200",1,1,0
"622","Coahuila","90300",1,1,0
"623","Coahuila","90400",1,1,0
"624","Coahuila","90500",0,0,0
"625","Coahuila","90600",0,0,0
"626","Coahuila","90700",1,0,1
"627","Coahuila","90800",0,0,0
"628","Coahuila","90900",0,0,0
"629","Coahuila","91000",0,0,0
"630","Coahuila","91100",0,0,0
"631","Coahuila","91200",0,0,0
"632","Coahuila","91300",0,0,0
"633","Coahuila","91400",0,0,0
"634","Coahuila","91500",0,0,0
"635","Coahuila","91600",0,0,0
"636","Coahuila","91700",0,0,0
"637","Coahuila","91800",1,0,1
"638","Coahuila","100100",0,0,0
"639","Coahuila","999999",0,0,0
"640","Colima","Total",1537,1176,361
"641","Colima","10100",67,67,0
"642","Colima","10200",7,7,0
"643","Colima","10300",0,0,0
"644","Colima","10400",26,26,0
"645","Colima","10500",22,22,0
"646","Colima","20100",4,4,0
"647","Colima","20200",0,0,0
"648","Colima","20300",0,0,0
"649","Colima","20400",0,0,0
"650","Colima","20500",0,0,0
"651","Colima","20600",19,18,1
"652","Colima","20700",3,3,0
"653","Colima","30100",13,13,0
"654","Colima","30200",0,0,0
"655","Colima","30300",0,0,0
"656","Colima","30400",24,24,0
"657","Colima","30500",0,0,0
"658","Colima","30600",0,0,0
"659","Colima","30700",8,8,0
"660","Colima","40100",371,366,5
"661","Colima","40200",0,0,0
"662","Colima","40300",26,26,0
"663","Colima","40400",5,5,0
"664","Colima","40500",2,2,0
"665","Colima","40600",5,5,0
"666","Colima","40700",12,12,0
"667","Colima","40800",3,3,0
"668","Colima","50100",140,139,1
"669","Colima","50200",73,73,0
"670","Colima","50300",2,2,0
"671","Colima","60100",4,4,0
"672","Colima","60200",0,0,0
"673","Colima","60300",0,0,0
"674","Colima","60400",0,0,0
"675","Colima","60500",0,0,0
"676","Colima","60600",0,0,0
"677","Colima","70100",454,209,245
"678","Colima","70200",0,0,0
"679","Colima","70300",0,0,0
"680","Colima","70400",0,0,0
"681","Colima","70500",14,7,7
"682","Colima","70600",162,69,93
"683","Colima","70700",4,4,0
"684","Colima","70800",0,0,0
"685","Colima","70900",3,3,0
"686","Colima","80100",6,6,0
"687","Colima","80200",0,0,0
"688","Colima","80300",1,0,1
"689","Colima","80400",0,0,0
"690","Colima","80500",0,0,0
"691","Colima","90100",18,18,0
"692","Colima","90200",7,7,0
"693","Colima","90300",3,3,0
"694","Colima","90400",7,7,0
"695","Colima","90500",8,4,4
"696","Colima","90600",0,0,0
"697","Colima","90700",0,0,0
"698","Colima","90800",0,0,0
"699","Colima","90900",0,0,0
"700","Colima","91000",0,0,0
"701","Colima","91100",0,0,0
"702","Colima","91200",0,0,0
"703","Colima","91300",0,0,0
"704","Colima","91400",0,0,0
"705","Colima","91500",0,0,0
"706","Colima","91600",0,0,0
"707","Colima","91700",0,0,0
"708","Colima","91800",14,10,4
"709","Colima","100100",0,0,0
"710","Colima","999999",0,0,0
"711","Durango","Total",2325,2323,2
"712","Durango","10100",103,103,0
"713","Durango","10200",15,15,0
"714","Durango","10300",2,2,0
"715","Durango","10400",102,102,0
"716","Durango","10500",1,1,0
"717","Durango","20100",14,14,0
"718","Durango","20200",1,1,0
"719","Durango","20300",0,0,0
"720","Durango","20400",1,1,0
"721","Durango","20500",0,0,0
"722","Durango","20600",18,18,0
"723","Durango","20700",0,0,0
"724","Durango","30100",59,59,0
"725","Durango","30200",0,0,0
"726","Durango","30300",0,0,0
"727","Durango","30400",84,84,0
"728","Durango","30500",0,0,0
"729","Durango","30600",0,0,0
"730","Durango","30700",0,0,0
"731","Durango","40100",540,540,0
"732","Durango","40200",0,0,0
"733","Durango","40300",18,18,0
"734","Durango","40400",3,3,0
"735","Durango","40500",11,11,0
"736","Durango","40600",8,8,0
"737","Durango","40700",2,2,0
"738","Durango","40800",1,1,0
"739","Durango","50100",278,278,0
"740","Durango","50200",12,12,0
"741","Durango","50300",17,17,0
"742","Durango","60100",11,11,0
"743","Durango","60200",0,0,0
"744","Durango","60300",0,0,0
"745","Durango","60400",0,0,0
"746","Durango","60500",3,3,0
"747","Durango","60600",8,8,0
"748","Durango","70100",987,987,0
"749","Durango","70200",0,0,0
"750","Durango","70300",0,0,0
"751","Durango","70400",0,0,0
"752","Durango","70500",0,0,0
"753","Durango","70600",1,0,1
"754","Durango","70700",1,1,0
"755","Durango","70800",0,0,0
"756","Durango","70900",0,0,0
"757","Durango","80100",5,4,1
"758","Durango","80200",0,0,0
"759","Durango","80300",0,0,0
"760","Durango","80400",0,0,0
"761","Durango","80500",0,0,0
"762","Durango","90100",6,6,0
"763","Durango","90200",7,7,0
"764","Durango","90300",0,0,0
"765","Durango","90400",0,0,0
"766","Durango","90500",1,1,0
"767","Durango","90600",0,0,0
"768","Durango","90700",0,0,0
"769","Durango","90800",0,0,0
"770","Durango","90900",0,0,0
"771","Durango","91000",0,0,0
"772","Durango","91100",0,0,0
"773","Durango","91200",0,0,0
"774","Durango","91300",0,0,0
"775","Durango","91400",0,0,0
"776","Durango","91500",5,5,0
"777","Durango","91600",0,0,0
"778","Durango","91700",0,0,0
"779","Durango","91800",0,0,0
"780","Durango","100100",0,0,0
"781","Durango","999999",0,0,0
"782","Estado de México","Total",18107,17424,683
"783","Estado de México","10100",721,718,3
"784","Estado de México","10200",11,11,0
"785","Estado de México","10300",1,1,0
"786","Estado de México","10400",1492,1477,15
"787","Estado de México","10500",0,0,0
"788","Estado de México","20100",20,18,2
"789","Estado de México","20200",2,2,0
"790","Estado de México","20300",0,0,0
"791","Estado de México","20400",0,0,0
"792","Estado de México","20500",39,39,0
"793","Estado de México","20600",1533,1427,106
"794","Estado de México","20700",0,0,0
"795","Estado de México","30100",548,548,0
"796","Estado de México","30200",0,0,0
"797","Estado de México","30300",0,0,0
"798","Estado de México","30400",2021,2021,0
"799","Estado de México","30500",0,0,0
"800","Estado de México","30600",0,0,0
"801","Estado de México","30700",0,0,0
"802","Estado de México","40100",7586,7481,105
"803","Estado de México","40200",26,0,26
"804","Estado de México","40300",11,11,0
"805","Estado de México","40400",5,5,0
"806","Estado de México","40500",695,669,26
"807","Estado de México","40600",2,0,2
"808","Estado de México","40700",2,2,0
"809","Estado de México","40800",0,0,0
"810","Estado de México","50100",53,53,0
"811","Estado de México","50200",8,8,0
"812","Estado de México","50300",0,0,0
"813","Estado de México","60100",17,14,3
"814","Estado de México","60200",33,13,20
"815","Estado de México","60300",0,0,0
"816","Estado de México","60400",0,0,0
"817","Estado de México","60500",1,1,0
"818","Estado de México","60600",0,0,0
"819","Estado de México","70100",1534,1534,0
"820","Estado de México","70200",186,0,186
"821","Estado de México","70300",3,3,0
"822","Estado de México","70400",0,0,0
"823","Estado de México","70500",30,14,16
"824","Estado de México","70600",271,201,70
"825","Estado de México","70700",6,2,4
"826","Estado de México","70800",0,0,0
"827","Estado de México","70900",0,0,0
"828","Estado de México","80100",1173,1079,94
"829","Estado de México","80200",0,0,0
"830","Estado de México","80300",0,0,0
"831","Estado de México","80400",0,0,0
"832","Estado de México","80500",0,0,0
"833","Estado de México","90100",0,0,0
"834","Estado de México","90200",1,1,0
"835","Estado de México","90300",2,2,0
"836","Estado de México","90400",5,5,0
"837","Estado de México","90500",1,1,0
"838","Estado de México","90600",6,6,0
"839","Estado de México","90700",0,0,0
"840","Estado de México","90800",0,0,0
"841","Estado de México","90900",0,0,0
"842","Estado de México","91000",0,0,0
"843","Estado de México","91100",1,0,1
"844","Estado de México","91200",57,54,3
"845","Estado de México","91300",1,0,1
"846","Estado de México","91400",3,3,0
"847","Estado de México","91500",0,0,0
"848","Estado de México","91600",0,0,0
"849","Estado de México","91700",0,0,0
"850","Estado de México","91800",0,0,0
"851","Estado de México","100100",0,0,0
"852","Estado de México","999999",0,0,0
"853","Guanajuato","Total",7953,7220,733
"854","Guanajuato","10100",858,854,4
"855","Guanajuato","10200",77,77,0
"856","Guanajuato","10300",6,6,0
"857","Guanajuato","10400",252,252,0
"858","Guanajuato","10500",0,0,0
"859","Guanajuato","20100",95,92,3
"860","Guanajuato","20200",0,0,0
"861","Guanajuato","20300",2,2,0
"862","Guanajuato","20400",0,0,0
"863","Guanajuato","20500",24,24,0
"864","Guanajuato","20600",183,175,8
"865","Guanajuato","20700",0,0,0
"866","Guanajuato","30100",150,150,0
"867","Guanajuato","30200",5,5,0
"868","Guanajuato","30300",3,3,0
"869","Guanajuato","30400",264,264,0
"870","Guanajuato","30500",0,0,0
"871","Guanajuato","30600",0,0,0
"872","Guanajuato","30700",0,0,0
"873","Guanajuato","40100",3290,3274,16
"874","Guanajuato","40200",16,2,14
"875","Guanajuato","40300",59,59,0
"876","Guanajuato","40400",21,21,0
"877","Guanajuato","40500",38,38,0
"878","Guanajuato","40600",144,144,0
"879","Guanajuato","40700",9,9,0
"880","Guanajuato","40800",0,0,0
"881","Guanajuato","50100",738,738,0
"882","Guanajuato","50200",83,83,0
"883","Guanajuato","50300",0,0,0
"884","Guanajuato","60100",91,91,0
"885","Guanajuato","60200",16,16,0
"886","Guanajuato","60300",0,0,0
"887","Guanajuato","60400",0,0,0
"888","Guanajuato","60500",0,0,0
"889","Guanajuato","60600",0,0,0
"890","Guanajuato","70100",726,647,79
"891","Guanajuato","70200",130,0,130
"892","Guanajuato","70300",0,0,0
"893","Guanajuato","70400",49,34,15
"894","Guanajuato","70500",47,0,47
"895","Guanajuato","70600",480,63,417
"896","Guanajuato","70700",11,11,0
"897","Guanajuato","70800",2,2,0
"898","Guanajuato","70900",0,0,0
"899","Guanajuato","80100",18,18,0
"900","Guanajuato","80200",1,1,0
"901","Guanajuato","80300",0,0,0
"902","Guanajuato","80400",0,0,0
"903","Guanajuato","80500",0,0,0
"904","Guanajuato","90100",41,41,0
"905","Guanajuato","90200",19,19,0
"906","Guanajuato","90300",0,0,0
"907","Guanajuato","90400",3,3,0
"908","Guanajuato","90500",0,0,0
"909","Guanajuato","90600",1,1,0
"910","Guanajuato","90700",0,0,0
"911","Guanajuato","90800",0,0,0
"912","Guanajuato","90900",0,0,0
"913","Guanajuato","91000",0,0,0
"914","Guanajuato","91100",0,0,0
"915","Guanajuato","91200",0,0,0
"916","Guanajuato","91300",0,0,0
"917","Guanajuato","91400",0,0,0
"918","Guanajuato","91500",0,0,0
"919","Guanajuato","91600",0,0,0
"920","Guanajuato","91700",0,0,0
"921","Guanajuato","91800",1,1,0
"922","Guanajuato","100100",0,0,0
"923","Guanajuato","999999",0,0,0
"924","Guerrero","Total",1175,768,407
"925","Guerrero","10100",199,199,0
"926","Guerrero","10200",10,10,0
"927","Guerrero","10300",0,0,0
"928","Guerrero","10400",71,71,0
"929","Guerrero","10500",7,7,0
"930","Guerrero","20100",14,14,0
"931","Guerrero","20200",1,1,0
"932","Guerrero","20300",1,1,0
"933","Guerrero","20400",0,0,0
"934","Guerrero","20500",5,5,0
"935","Guerrero","20600",66,66,0
"936","Guerrero","20700",0,0,0
"937","Guerrero","30100",23,23,0
"938","Guerrero","30200",0,0,0
"939","Guerrero","30300",0,0,0
"940","Guerrero","30400",87,87,0
"941","Guerrero","30500",4,4,0
"942","Guerrero","30600",0,0,0
"943","Guerrero","30700",1,1,0
"944","Guerrero","40100",99,99,0
"945","Guerrero","40200",3,0,3
"946","Guerrero","40300",9,9,0
"947","Guerrero","40400",1,1,0
"948","Guerrero","40500",22,22,0
"949","Guerrero","40600",14,14,0
"950","Guerrero","40700",18,18,0
"951","Guerrero","40800",7,2,5
"952","Guerrero","50100",28,28,0
"953","Guerrero","50200",48,48,0
"954","Guerrero","50300",0,0,0
"955","Guerrero","60100",1,1,0
"956","Guerrero","60200",0,0,0
"957","Guerrero","60300",0,0,0
"958","Guerrero","60400",0,0,0
"959","Guerrero","60500",0,0,0
"960","Guerrero","60600",0,0,0
"961","Guerrero","70100",32,32,0
"962","Guerrero","70200",92,0,92
"963","Guerrero","70300",0,0,0
"964","Guerrero","70400",0,0,0
"965","Guerrero","70500",2,0,2
"966","Guerrero","70600",296,0,296
"967","Guerrero","70700",0,0,0
"968","Guerrero","70800",0,0,0
"969","Guerrero","70900",1,0,1
"970","Guerrero","80100",3,2,1
"971","Guerrero","80200",0,0,0
"972","Guerrero","80300",0,0,0
"973","Guerrero","80400",1,0,1
"974","Guerrero","80500",1,0,1
"975","Guerrero","90100",0,0,0
"976","Guerrero","90200",1,1,0
"977","Guerrero","90300",0,0,0
"978","Guerrero","90400",2,2,0
"979","Guerrero","90500",2,0,2
"980","Guerrero","90600",0,0,0
"981","Guerrero","90700",0,0,0
"982","Guerrero","90800",1,0,1
"983","Guerrero","90900",0,0,0
"984","Guerrero","91000",0,0,0
"985","Guerrero","91100",0,0,0
"986","Guerrero","91200",0,0,0
"987","Guerrero","91300",1,0,1
"988","Guerrero","91400",0,0,0
"989","Guerrero","91500",0,0,0
"990","Guerrero","91600",0,0,0
"991","Guerrero","91700",0,0,0
"992","Guerrero","91800",1,0,1
"993","Guerrero","100100",0,0,0
"994","Guerrero","999999",0,0,0
"995","Hidalgo","Total",2181,1944,237
"996","Hidalgo","10100",135,135,0
"997","Hidalgo","10200",11,11,0
"998","Hidalgo","10300",0,0,0
"999","Hidalgo","10400",145,145,0
"1000","Hidalgo","10500",69,69,0
"1001","Hidalgo","20100",25,18,7
"1002","Hidalgo","20200",0,0,0
"1003","Hidalgo","20300",2,2,0
"1004","Hidalgo","20400",0,0,0
"1005","Hidalgo","20500",3,3,0
"1006","Hidalgo","20600",40,36,4
"1007","Hidalgo","20700",53,53,0
"1008","Hidalgo","30100",86,86,0
"1009","Hidalgo","30200",0,0,0
"1010","Hidalgo","30300",0,0,0
"1011","Hidalgo","30400",136,136,0
"1012","Hidalgo","30500",2,2,0
"1013","Hidalgo","30600",0,0,0
"1014","Hidalgo","30700",2,2,0
"1015","Hidalgo","40100",516,488,28
"1016","Hidalgo","40200",43,0,43
"1017","Hidalgo","40300",24,24,0
"1018","Hidalgo","40400",4,4,0
"1019","Hidalgo","40500",4,4,0
"1020","Hidalgo","40600",43,43,0
"1021","Hidalgo","40700",19,19,0
"1022","Hidalgo","40800",32,31,1
"1023","Hidalgo","50100",186,186,0
"1024","Hidalgo","50200",60,60,0
"1025","Hidalgo","50300",2,2,0
"1026","Hidalgo","60100",6,6,0
"1027","Hidalgo","60200",2,2,0
"1028","Hidalgo","60300",0,0,0
"1029","Hidalgo","60400",0,0,0
"1030","Hidalgo","60500",1,1,0
"1031","Hidalgo","60600",1,1,0
"1032","Hidalgo","70100",91,87,4
"1033","Hidalgo","70200",25,0,25
"1034","Hidalgo","70300",4,4,0
"1035","Hidalgo","70400",0,0,0
"1036","Hidalgo","70500",4,4,0
"1037","Hidalgo","70600",153,61,92
"1038","Hidalgo","70700",0,0,0
"1039","Hidalgo","70800",0,0,0
"1040","Hidalgo","70900",3,3,0
"1041","Hidalgo","80100",20,20,0
"1042","Hidalgo","80200",2,2,0
"1043","Hidalgo","80300",1,0,1
"1044","Hidalgo","80400",1,1,0
"1045","Hidalgo","80500",5,5,0
"1046","Hidalgo","90100",29,29,0
"1047","Hidalgo","90200",1,1,0
"1048","Hidalgo","90300",5,1,4
"1049","Hidalgo","90400",1,0,1
"1050","Hidalgo","90500",2,0,2
"1051","Hidalgo","90600",0,0,0
"1052","Hidalgo","90700",4,0,4
"1053","Hidalgo","90800",0,0,0
"1054","Hidalgo","90900",3,0,3
"1055","Hidalgo","91000",0,0,0
"1056","Hidalgo","91100",1,1,0
"1057","Hidalgo","91200",0,0,0
"1058","Hidalgo","91300",0,0,0
"1059","Hidalgo","91400",0,0,0
"1060","Hidalgo","91500",0,0,0
"1061","Hidalgo","91600",0,0,0
"1062","Hidalgo","91700",0,0,0
"1063","Hidalgo","91800",174,156,18
"1064","Hidalgo","100100",0,0,0
"1065","Hidalgo","999999",0,0,0
"1066","Jalisco","Total",4990,4230,760
"1067","Jalisco","10100",374,369,5
"1068","Jalisco","10200",66,66,0
"1069","Jalisco","10300",0,0,0
"1070","Jalisco","10400",293,290,3
"1071","Jalisco","10500",42,41,1
"1072","Jalisco","20100",65,63,2
"1073","Jalisco","20200",0,0,0
"1074","Jalisco","20300",2,2,0
"1075","Jalisco","20400",1,1,0
"1076","Jalisco","20500",128,127,1
"1077","Jalisco","20600",48,36,12
"1078","Jalisco","20700",0,0,0
"1079","Jalisco","30100",9,9,0
"1080","Jalisco","30200",1,1,0
"1081","Jalisco","30300",0,0,0
"1082","Jalisco","30400",54,54,0
"1083","Jalisco","30500",0,0,0
"1084","Jalisco","30600",0,0,0
"1085","Jalisco","30700",266,266,0
"1086","Jalisco","40100",1895,1864,31
"1087","Jalisco","40200",13,0,13
"1088","Jalisco","40300",104,103,1
"1089","Jalisco","40400",10,10,0
"1090","Jalisco","40500",21,21,0
"1091","Jalisco","40600",149,143,6
"1092","Jalisco","40700",20,20,0
"1093","Jalisco","40800",0,0,0
"1094","Jalisco","50100",151,150,1
"1095","Jalisco","50200",12,12,0
"1096","Jalisco","50300",2,2,0
"1097","Jalisco","60100",68,68,0
"1098","Jalisco","60200",2,2,0
"1099","Jalisco","60300",0,0,0
"1100","Jalisco","60400",0,0,0
"1101","Jalisco","60500",0,0,0
"1102","Jalisco","60600",3,3,0
"1103","Jalisco","70100",228,228,0
"1104","Jalisco","70200",173,0,173
"1105","Jalisco","70300",0,0,0
"1106","Jalisco","70400",0,0,0
"1107","Jalisco","70500",21,0,21
"1108","Jalisco","70600",434,0,434
"1109","Jalisco","70700",31,8,23
"1110","Jalisco","70800",0,0,0
"1111","Jalisco","70900",0,0,0
"1112","Jalisco","80100",45,38,7
"1113","Jalisco","80200",13,12,1
"1114","Jalisco","80300",2,0,2
"1115","Jalisco","80400",0,0,0
"1116","Jalisco","80500",71,71,0
"1117","Jalisco","90100",37,36,1
"1118","Jalisco","90200",16,16,0
"1119","Jalisco","90300",7,4,3
"1120","Jalisco","90400",39,39,0
"1121","Jalisco","90500",2,1,1
"1122","Jalisco","90600",5,4,1
"1123","Jalisco","90700",0,0,0
"1124","Jalisco","90800",0,0,0
"1125","Jalisco","90900",4,0,4
"1126","Jalisco","91000",0,0,0
"1127","Jalisco","91100",1,1,0
"1128","Jalisco","91200",2,2,0
"1129","Jalisco","91300",1,0,1
"1130","Jalisco","91400",0,0,0
"1131","Jalisco","91500",2,2,0
"1132","Jalisco","91600",7,7,0
"1133","Jalisco","91700",0,0,0
"1134","Jalisco","91800",39,27,12
"1135","Jalisco","100100",0,0,0
"1136","Jalisco","999999",11,11,0
"1137","Michoacán","Total",2184,1728,456
"1138","Michoacán","10100",445,444,1
"1139","Michoacán","10200",22,22,0
"1140","Michoacán","10300",0,0,0
"1141","Michoacán","10400",108,108,0
"1142","Michoacán","10500",0,0,0
"1143","Michoacán","20100",40,40,0
"1144","Michoacán","20200",0,0,0
"1145","Michoacán","20300",1,1,0
"1146","Michoacán","20400",0,0,0
"1147","Michoacán","20500",15,15,0
"1148","Michoacán","20600",200,199,1
"1149","Michoacán","20700",3,3,0
"1150","Michoacán","30100",66,66,0
"1151","Michoacán","30200",0,0,0
"1152","Michoacán","30300",0,0,0
"1153","Michoacán","30400",140,140,0
"1154","Michoacán","30500",0,0,0
"1155","Michoacán","30600",0,0,0
"1156","Michoacán","30700",0,0,0
"1157","Michoacán","40100",475,473,2
"1158","Michoacán","40200",1,0,1
"1159","Michoacán","40300",6,6,0
"1160","Michoacán","40400",5,5,0
"1161","Michoacán","40500",23,23,0
"1162","Michoacán","40600",13,12,1
"1163","Michoacán","40700",10,10,0
"1164","Michoacán","40800",7,0,7
"1165","Michoacán","50100",17,17,0
"1166","Michoacán","50200",1,1,0
"1167","Michoacán","50300",0,0,0
"1168","Michoacán","60100",1,1,0
"1169","Michoacán","60200",1,1,0
"1170","Michoacán","60300",0,0,0
"1171","Michoacán","60400",0,0,0
"1172","Michoacán","60500",0,0,0
"1173","Michoacán","60600",0,0,0
"1174","Michoacán","70100",147,45,102
"1175","Michoacán","70200",0,0,0
"1176","Michoacán","70300",0,0,0
"1177","Michoacán","70400",0,0,0
"1178","Michoacán","70500",3,0,3
"1179","Michoacán","70600",330,0,330
"1180","Michoacán","70700",0,0,0
"1181","Michoacán","70800",0,0,0
"1182","Michoacán","70900",1,1,0
"1183","Michoacán","80100",1,0,1
"1184","Michoacán","80200",0,0,0
"1185","Michoacán","80300",0,0,0
"1186","Michoacán","80400",1,0,1
"1187","Michoacán","80500",0,0,0
"1188","Michoacán","90100",3,3,0
"1189","Michoacán","90200",1,1,0
"1190","Michoacán","90300",2,2,0
"1191","Michoacán","90400",4,2,2
"1192","Michoacán","90500",3,2,1
"1193","Michoacán","90600",58,56,2
"1194","Michoacán","90700",0,0,0
"1195","Michoacán","90800",0,0,0
"1196","Michoacán","90900",0,0,0
"1197","Michoacán","91000",0,0,0
"1198","Michoacán","91100",0,0,0
"1199","Michoacán","91200",28,28,0
"1200","Michoacán","91300",0,0,0
"1201","Michoacán","91400",0,0,0
"1202","Michoacán","91500",1,1,0
"1203","Michoacán","91600",0,0,0
"1204","Michoacán","91700",0,0,0
"1205","Michoacán","91800",0,0,0
"1206","Michoacán","100100",1,0,1
"1207","Michoacán","999999",0,0,0
"1208","Morelos","Total",1584,1541,43
"1209","Morelos","10100",182,181,1
"1210","Morelos","10200",22,22,0
"1211","Morelos","10300",0,0,0
"1212","Morelos","10400",54,54,0
"1213","Morelos","10500",1,1,0
"1214","Morelos","20100",12,12,0
"1215","Morelos","20200",0,0,0
"1216","Morelos","20300",1,1,0
"1217","Morelos","20400",0,0,0
"1218","Morelos","20500",1,1,0
"1219","Morelos","20600",227,225,2
"1220","Morelos","20700",0,0,0
"1221","Morelos","30100",63,63,0
"1222","Morelos","30200",0,0,0
"1223","Morelos","30300",0,0,0
"1224","Morelos","30400",89,89,0
"1225","Morelos","30500",0,0,0
"1226","Morelos","30600",0,0,0
"1227","Morelos","30700",0,0,0
"1228","Morelos","40100",301,301,0
"1229","Morelos","40200",1,0,1
"1230","Morelos","40300",2,2,0
"1231","Morelos","40400",3,3,0
"1232","Morelos","40500",48,48,0
"1233","Morelos","40600",11,11,0
"1234","Morelos","40700",1,1,0
"1235","Morelos","40800",1,1,0
"1236","Morelos","50100",74,74,0
"1237","Morelos","50200",6,6,0
"1238","Morelos","50300",0,0,0
"1239","Morelos","60100",2,2,0
"1240","Morelos","60200",1,0,1
"1241","Morelos","60300",7,7,0
"1242","Morelos","60400",0,0,0
"1243","Morelos","60500",0,0,0
"1244","Morelos","60600",0,0,0
"1245","Morelos","70100",390,389,1
"1246","Morelos","70200",10,0,10
"1247","Morelos","70300",0,0,0
"1248","Morelos","70400",14,14,0
"1249","Morelos","70500",3,0,3
"1250","Morelos","70600",23,0,23
"1251","Morelos","70700",3,3,0
"1252","Morelos","70800",0,0,0
"1253","Morelos","70900",0,0,0
"1254","Morelos","80100",3,3,0
"1255","Morelos","80200",0,0,0
"1256","Morelos","80300",0,0,0
"1257","Morelos","80400",1,0,1
"1258","Morelos","80500",0,0,0
"1259","Morelos","90100",17,17,0
"1260","Morelos","90200",4,4,0
"1261","Morelos","90300",4,4,0
"1262","Morelos","90400",2,2,0
"1263","Morelos","90500",0,0,0
"1264","Morelos","90600",0,0,0
"1265","Morelos","90700",0,0,0
"1266","Morelos","90800",0,0,0
"1267","Morelos","90900",0,0,0
"1268","Morelos","91000",0,0,0
"1269","Morelos","91100",0,0,0
"1270","Morelos","91200",0,0,0
"1271","Morelos","91300",0,0,0
"1272","Morelos","91400",0,0,0
"1273","Morelos","91500",0,0,0
"1274","Morelos","91600",0,0,0
"1275","Morelos","91700",0,0,0
"1276","Morelos","91800",0,0,0
"1277","Morelos","100100",0,0,0
"1278","Morelos","999999",0,0,0
"1279","Nayarit","Total",2260,2242,18
"1280","Nayarit","10100",92,92,0
"1281","Nayarit","10200",4,4,0
"1282","Nayarit","10300",0,0,0
"1283","Nayarit","10400",166,166,0
"1284","Nayarit","10500",0,0,0
"1285","Nayarit","20100",17,17,0
"1286","Nayarit","20200",7,7,0
"1287","Nayarit","20300",3,3,0
"1288","Nayarit","20400",0,0,0
"1289","Nayarit","20500",7,7,0
"1290","Nayarit","20600",20,20,0
"1291","Nayarit","20700",0,0,0
"1292","Nayarit","30100",0,0,0
"1293","Nayarit","30200",2,2,0
"1294","Nayarit","30300",0,0,0
"1295","Nayarit","30400",174,174,0
"1296","Nayarit","30500",4,4,0
"1297","Nayarit","30600",0,0,0
"1298","Nayarit","30700",10,10,0
"1299","Nayarit","40100",569,569,0
"1300","Nayarit","40200",0,0,0
"1301","Nayarit","40300",56,56,0
"1302","Nayarit","40400",11,11,0
"1303","Nayarit","40500",8,8,0
"1304","Nayarit","40600",46,46,0
"1305","Nayarit","40700",26,26,0
"1306","Nayarit","40800",0,0,0
"1307","Nayarit","50100",490,490,0
"1308","Nayarit","50200",15,15,0
"1309","Nayarit","50300",4,4,0
"1310","Nayarit","60100",5,5,0
"1311","Nayarit","60200",8,8,0
"1312","Nayarit","60300",0,0,0
"1313","Nayarit","60400",0,0,0
"1314","Nayarit","60500",0,0,0
"1315","Nayarit","60600",0,0,0
"1316","Nayarit","70100",320,305,15
"1317","Nayarit","70200",0,0,0
"1318","Nayarit","70300",0,0,0
"1319","Nayarit","70400",0,0,0
"1320","Nayarit","70500",0,0,0
"1321","Nayarit","70600",3,0,3
"1322","Nayarit","70700",0,0,0
"1323","Nayarit","70800",0,0,0
"1324","Nayarit","70900",0,0,0
"1325","Nayarit","80100",9,9,0
"1326","Nayarit","80200",0,0,0
"1327","Nayarit","80300",0,0,0
"1328","Nayarit","80400",0,0,0
"1329","Nayarit","80500",0,0,0
"1330","Nayarit","90100",56,56,0
"1331","Nayarit","90200",20,20,0
"1332","Nayarit","90300",2,2,0
"1333","Nayarit","90400",4,4,0
"1334","Nayarit","90500",2,2,0
"1335","Nayarit","90600",6,6,0
"1336","Nayarit","90700",0,0,0
"1337","Nayarit","90800",0,0,0
"1338","Nayarit","90900",0,0,0
"1339","Nayarit","91000",0,0,0
"1340","Nayarit","91100",0,0,0
"1341","Nayarit","91200",94,94,0
"1342","Nayarit","91300",0,0,0
"1343","Nayarit","91400",0,0,0
"1344","Nayarit","91500",0,0,0
"1345","Nayarit","91600",0,0,0
"1346","Nayarit","91700",0,0,0
"1347","Nayarit","91800",0,0,0
"1348","Nayarit","100100",0,0,0
"1349","Nayarit","999999",0,0,0
"1350","Nuevo León","Total",6650,6387,263
"1351","Nuevo León","10100",227,225,2
"1352","Nuevo León","10200",126,126,0
"1353","Nuevo León","10300",0,0,0
"1354","Nuevo León","10400",353,352,1
"1355","Nuevo León","10500",13,13,0
"1356","Nuevo León","20100",35,35,0
"1357","Nuevo León","20200",0,0,0
"1358","Nuevo León","20300",3,3,0
"1359","Nuevo León","20400",2,2,0
"1360","Nuevo León","20500",3,3,0
"1361","Nuevo León","20600",99,99,0
"1362","Nuevo León","20700",0,0,0
"1363","Nuevo León","30100",110,110,0
"1364","Nuevo León","30200",11,11,0
"1365","Nuevo León","30300",0,0,0
"1366","Nuevo León","30400",209,209,0
"1367","Nuevo León","30500",4,4,0
"1368","Nuevo León","30600",0,0,0
"1369","Nuevo León","30700",162,162,0
"1370","Nuevo León","40100",2106,2106,0
"1371","Nuevo León","40200",9,0,9
"1372","Nuevo León","40300",22,21,1
"1373","Nuevo León","40400",11,11,0
"1374","Nuevo León","40500",21,21,0
"1375","Nuevo León","40600",145,145,0
"1376","Nuevo León","40700",23,23,0
"1377","Nuevo León","40800",1,1,0
"1378","Nuevo León","50100",697,697,0
"1379","Nuevo León","50200",45,45,0
"1380","Nuevo León","50300",105,105,0
"1381","Nuevo León","60100",149,149,0
"1382","Nuevo León","60200",5,5,0
"1383","Nuevo León","60300",0,0,0
"1384","Nuevo León","60400",0,0,0
"1385","Nuevo León","60500",1,1,0
"1386","Nuevo León","60600",8,8,0
"1387","Nuevo León","70100",1390,1390,0
"1388","Nuevo León","70200",127,0,127
"1389","Nuevo León","70300",0,0,0
"1390","Nuevo León","70400",1,1,0
"1391","Nuevo León","70500",1,1,0
"1392","Nuevo León","70600",78,2,76
"1393","Nuevo León","70700",21,16,5
"1394","Nuevo León","70800",1,1,0
"1395","Nuevo León","70900",44,43,1
"1396","Nuevo León","80100",14,8,6
"1397","Nuevo León","80200",15,14,1
"1398","Nuevo León","80300",6,1,5
"1399","Nuevo León","80400",0,0,0
"1400","Nuevo León","80500",3,3,0
"1401","Nuevo León","90100",81,81,0
"1402","Nuevo León","90200",19,19,0
"1403","Nuevo León","90300",1,1,0
"1404","Nuevo León","90400",9,9,0
"1405","Nuevo León","90500",0,0,0
"1406","Nuevo León","90600",0,0,0
"1407","Nuevo León","90700",24,0,24
"1408","Nuevo León","90800",0,0,0
"1409","Nuevo León","90900",1,1,0
"1410","Nuevo León","91000",0,0,0
"1411","Nuevo León","91100",0,0,0
"1412","Nuevo León","91200",0,0,0
"1413","Nuevo León","91300",0,0,0
"1414","Nuevo León","91400",0,0,0
"1415","Nuevo León","91500",0,0,0
"1416","Nuevo León","91600",0,0,0
"1417","Nuevo León","91700",0,0,0
"1418","Nuevo León","91800",109,104,5
"1419","Nuevo León","100100",0,0,0
"1420","Nuevo León","999999",0,0,0
"1421","Oaxaca","Total",994,971,23
"1422","Oaxaca","10100",258,258,0
"1423","Oaxaca","10200",20,20,0
"1424","Oaxaca","10300",2,2,0
"1425","Oaxaca","10400",81,81,0
"1426","Oaxaca","10500",12,12,0
"1427","Oaxaca","20100",8,8,0
"1428","Oaxaca","20200",0,0,0
"1429","Oaxaca","20300",1,1,0
"1430","Oaxaca","20400",0,0,0
"1431","Oaxaca","20500",20,20,0
"1432","Oaxaca","20600",39,39,0
"1433","Oaxaca","20700",2,2,0
"1434","Oaxaca","30100",84,84,0
"1435","Oaxaca","30200",0,0,0
"1436","Oaxaca","30300",0,0,0
"1437","Oaxaca","30400",98,98,0
"1438","Oaxaca","30500",0,0,0
"1439","Oaxaca","30600",0,0,0
"1440","Oaxaca","30700",2,2,0
"1441","Oaxaca","40100",170,170,0
"1442","Oaxaca","40200",0,0,0
"1443","Oaxaca","40300",7,7,0
"1444","Oaxaca","40400",0,0,0
"1445","Oaxaca","40500",15,15,0
"1446","Oaxaca","40600",0,0,0
"1447","Oaxaca","40700",5,5,0
"1448","Oaxaca","40800",0,0,0
"1449","Oaxaca","50100",103,103,0
"1450","Oaxaca","50200",1,1,0
"1451","Oaxaca","50300",1,1,0
"1452","Oaxaca","60100",0,0,0
"1453","Oaxaca","60200",2,2,0
"1454","Oaxaca","60300",0,0,0
"1455","Oaxaca","60400",0,0,0
"1456","Oaxaca","60500",0,0,0
"1457","Oaxaca","60600",0,0,0
"1458","Oaxaca","70100",26,13,13
"1459","Oaxaca","70200",0,0,0
"1460","Oaxaca","70300",0,0,0
"1461","Oaxaca","70400",0,0,0
"1462","Oaxaca","70500",0,0,0
"1463","Oaxaca","70600",9,0,9
"1464","Oaxaca","70700",0,0,0
"1465","Oaxaca","70800",0,0,0
"1466","Oaxaca","70900",0,0,0
"1467","Oaxaca","80100",6,6,0
"1468","Oaxaca","80200",0,0,0
"1469","Oaxaca","80300",0,0,0
"1470","Oaxaca","80400",0,0,0
"1471","Oaxaca","80500",1,1,0
"1472","Oaxaca","90100",0,0,0
"1473","Oaxaca","90200",2,2,0
"1474","Oaxaca","90300",0,0,0
"1475","Oaxaca","90400",3,3,0
"1476","Oaxaca","90500",0,0,0
"1477","Oaxaca","90600",0,0,0
"1478","Oaxaca","90700",1,0,1
"1479","Oaxaca","90800",0,0,0
"1480","Oaxaca","90900",0,0,0
"1481","Oaxaca","91000",0,0,0
"1482","Oaxaca","91100",0,0,0
"1483","Oaxaca","91200",0,0,0
"1484","Oaxaca","91300",0,0,0
"1485","Oaxaca","91400",0,0,0
"1486","Oaxaca","91500",0,0,0
"1487","Oaxaca","91600",0,0,0
"1488","Oaxaca","91700",0,0,0
"1489","Oaxaca","91800",15,15,0
"1490","Oaxaca","100100",0,0,0
"1491","Oaxaca","999999",0,0,0
"1492","Puebla","Total",3964,3429,535
"1493","Puebla","10100",286,278,8
"1494","Puebla","10200",34,34,0
"1495","Puebla","10300",1,1,0
"1496","Puebla","10400",224,221,3
"1497","Puebla","10500",6,6,0
"1498","Puebla","20100",54,39,15
"1499","Puebla","20200",0,0,0
"1500","Puebla","20300",2,2,0
"1501","Puebla","20400",0,0,0
"1502","Puebla","20500",5,5,0
"1503","Puebla","20600",106,105,1
"1504","Puebla","20700",0,0,0
"1505","Puebla","30100",16,16,0
"1506","Puebla","30200",0,0,0
"1507","Puebla","30300",0,0,0
"1508","Puebla","30400",98,98,0
"1509","Puebla","30500",4,4,0
"1510","Puebla","30600",0,0,0
"1511","Puebla","30700",1,1,0
"1512","Puebla","40100",1137,1086,51
"1513","Puebla","40200",64,0,64
"1514","Puebla","40300",10,10,0
"1515","Puebla","40400",0,0,0
"1516","Puebla","40500",19,19,0
"1517","Puebla","40600",123,120,3
"1518","Puebla","40700",3,3,0
"1519","Puebla","40800",0,0,0
"1520","Puebla","50100",70,70,0
"1521","Puebla","50200",3,3,0
"1522","Puebla","50300",0,0,0
"1523","Puebla","60100",19,19,0
"1524","Puebla","60200",10,10,0
"1525","Puebla","60300",0,0,0
"1526","Puebla","60400",0,0,0
"1527","Puebla","60500",1,1,0
"1528","Puebla","60600",0,0,0
"1529","Puebla","70100",796,796,0
"1530","Puebla","70200",107,4,103
"1531","Puebla","70300",1,1,0
"1532","Puebla","70400",42,42,0
"1533","Puebla","70500",0,0,0
"1534","Puebla","70600",340,89,251
"1535","Puebla","70700",14,14,0
"1536","Puebla","70800",0,0,0
"1537","Puebla","70900",8,8,0
"1538","Puebla","80100",105,100,5
"1539","Puebla","80200",1,1,0
"1540","Puebla","80300",4,0,4
"1541","Puebla","80400",0,0,0
"1542","Puebla","80500",2,2,0
"1543","Puebla","90100",21,20,1
"1544","Puebla","90200",10,10,0
"1545","Puebla","90300",6,6,0
"1546","Puebla","90400",16,8,8
"1547","Puebla","90500",2,1,1
"1548","Puebla","90600",15,2,13
"1549","Puebla","90700",0,0,0
"1550","Puebla","90800",0,0,0
"1551","Puebla","90900",2,1,1
"1552","Puebla","91000",1,0,1
"1553","Puebla","91100",0,0,0
"1554","Puebla","91200",17,17,0
"1555","Puebla","91300",24,24,0
"1556","Puebla","91400",1,1,0
"1557","Puebla","91500",12,12,0
"1558","Puebla","91600",0,0,0
"1559","Puebla","91700",5,5,0
"1560","Puebla","91800",55,55,0
"1561","Puebla","100100",61,59,2
"1562","Puebla","999999",0,0,0
"1563","Querétaro","Total",2848,2661,187
"1564","Querétaro","10100",292,291,1
"1565","Querétaro","10200",8,8,0
"1566","Querétaro","10300",0,0,0
"1567","Querétaro","10400",84,84,0
"1568","Querétaro","10500",0,0,0
"1569","Querétaro","20100",16,16,0
"1570","Querétaro","20200",0,0,0
"1571","Querétaro","20300",1,1,0
"1572","Querétaro","20400",0,0,0
"1573","Querétaro","20500",7,7,0
"1574","Querétaro","20600",28,21,7
"1575","Querétaro","20700",0,0,0
"1576","Querétaro","30100",43,43,0
"1577","Querétaro","30200",5,5,0
"1578","Querétaro","30300",0,0,0
"1579","Querétaro","30400",83,83,0
"1580","Querétaro","30500",0,0,0
"1581","Querétaro","30600",0,0,0
"1582","Querétaro","30700",1,1,0
"1583","Querétaro","40100",1284,1271,13
"1584","Querétaro","40200",7,0,7
"1585","Querétaro","40300",41,41,0
"1586","Querétaro","40400",5,5,0
"1587","Querétaro","40500",7,7,0
"1588","Querétaro","40600",33,33,0
"1589","Querétaro","40700",4,4,0
"1590","Querétaro","40800",0,0,0
"1591","Querétaro","50100",326,326,0
"1592","Querétaro","50200",2,2,0
"1593","Querétaro","50300",0,0,0
"1594","Querétaro","60100",0,0,0
"1595","Querétaro","60200",4,4,0
"1596","Querétaro","60300",1,1,0
"1597","Querétaro","60400",6,6,0
"1598","Querétaro","60500",0,0,0
"1599","Querétaro","60600",0,0,0
"1600","Querétaro","70100",262,254,8
"1601","Querétaro","70200",66,0,66
"1602","Querétaro","70300",0,0,0
"1603","Querétaro","70400",3,3,0
"1604","Querétaro","70500",3,3,0
"1605","Querétaro","70600",82,4,78
"1606","Querétaro","70700",0,0,0
"1607","Querétaro","70800",0,0,0
"1608","Querétaro","70900",28,28,0
"1609","Querétaro","80100",92,92,0
"1610","Querétaro","80200",1,1,0
"1611","Querétaro","80300",1,0,1
"1612","Querétaro","80400",0,0,0
"1613","Querétaro","80500",0,0,0
"1614","Querétaro","90100",0,0,0
"1615","Querétaro","90200",2,2,0
"1616","Querétaro","90300",2,2,0
"1617","Querétaro","90400",10,5,5
"1618","Querétaro","90500",0,0,0
"1619","Querétaro","90600",0,0,0
"1620","Querétaro","90700",0,0,0
"1621","Querétaro","90800",0,0,0
"1622","Querétaro","90900",1,0,1
"1623","Querétaro","91000",0,0,0
"1624","Querétaro","91100",0,0,0
"1625","Querétaro","91200",0,0,0
"1626","Querétaro","91300",3,3,0
"1627","Querétaro","91400",0,0,0
"1628","Querétaro","91500",3,3,0
"1629","Querétaro","91600",0,0,0
"1630","Querétaro","91700",0,0,0
"1631","Querétaro","91800",1,1,0
"1632","Querétaro","100100",0,0,0
"1633","Querétaro","999999",0,0,0
"1634","Quintana Roo","Total",1636,1409,227
"1635","Quintana Roo","10100",168,168,0
"1636","Quintana Roo","10200",19,19,0
"1637","Quintana Roo","10300",0,0,0
"1638","Quintana Roo","10400",47,47,0
"1639","Quintana Roo","10500",0,0,0
"1640","Quintana Roo","20100",15,15,0
"1641","Quintana Roo","20200",0,0,0
"1642","Quintana Roo","20300",1,1,0
"1643","Quintana Roo","20400",0,0,0
"1644","Quintana Roo","20500",0,0,0
"1645","Quintana Roo","20600",43,43,0
"1646","Quintana Roo","20700",0,0,0
"1647","Quintana Roo","30100",75,75,0
"1648","Quintana Roo","30200",0,0,0
"1649","Quintana Roo","30300",0,0,0
"1650","Quintana Roo","30400",146,146,0
"1651","Quintana Roo","30500",0,0,0
"1652","Quintana Roo","30600",0,0,0
"1653","Quintana Roo","30700",0,0,0
"1654","Quintana Roo","40100",509,509,0
"1655","Quintana Roo","40200",1,0,1
"1656","Quintana Roo","40300",12,12,0
"1657","Quintana Roo","40400",2,2,0
"1658","Quintana Roo","40500",28,28,0
"1659","Quintana Roo","40600",33,33,0
"1660","Quintana Roo","40700",17,17,0
"1661","Quintana Roo","40800",1,1,0
"1662","Quintana Roo","50100",30,30,0
"1663","Quintana Roo","50200",17,17,0
"1664","Quintana Roo","50300",0,0,0
"1665","Quintana Roo","60100",2,2,0
"1666","Quintana Roo","60200",11,11,0
"1667","Quintana Roo","60300",0,0,0
"1668","Quintana Roo","60400",0,0,0
"1669","Quintana Roo","60500",0,0,0
"1670","Quintana Roo","60600",0,0,0
"1671","Quintana Roo","70100",178,178,0
"1672","Quintana Roo","70200",50,0,50
"1673","Quintana Roo","70300",0,0,0
"1674","Quintana Roo","70400",0,0,0
"1675","Quintana Roo","70500",0,0,0
"1676","Quintana Roo","70600",158,0,158
"1677","Quintana Roo","70700",0,0,0
"1678","Quintana Roo","70800",0,0,0
"1679","Quintana Roo","70900",0,0,0
"1680","Quintana Roo","80100",5,5,0
"1681","Quintana Roo","80200",0,0,0
"1682","Quintana Roo","80300",1,0,1
"1683","Quintana Roo","80400",11,0,11
"1684","Quintana Roo","80500",0,0,0
"1685","Quintana Roo","90100",7,7,0
"1686","Quintana Roo","90200",2,2,0
"1687","Quintana Roo","90300",0,0,0
"1688","Quintana Roo","90400",6,5,1
"1689","Quintana Roo","90500",1,0,1
"1690","Quintana Roo","90600",7,7,0
"1691","Quintana Roo","90700",0,0,0
"1692","Quintana Roo","90800",0,0,0
"1693","Quintana Roo","90900",1,0,1
"1694","Quintana Roo","91000",0,0,0
"1695","Quintana Roo","91100",0,0,0
"1696","Quintana Roo","91200",14,14,0
"1697","Quintana Roo","91300",2,0,2
"1698","Quintana Roo","91400",1,0,1
"1699","Quintana Roo","91500",0,0,0
"1700","Quintana Roo","91600",0,0,0
"1701","Quintana Roo","91700",0,0,0
"1702","Quintana Roo","91800",15,15,0
"1703","Quintana Roo","100100",0,0,0
"1704","Quintana Roo","999999",0,0,0
"1705","San Luis Potosí","Total",1650,1543,107
"1706","San Luis Potosí","10100",261,261,0
"1707","San Luis Potosí","10200",38,38,0
"1708","San Luis Potosí","10300",0,0,0
"1709","San Luis Potosí","10400",92,92,0
"1710","San Luis Potosí","10500",108,108,0
"1711","San Luis Potosí","20100",12,12,0
"1712","San Luis Potosí","20200",0,0,0
"1713","San Luis Potosí","20300",9,9,0
"1714","San Luis Potosí","20400",0,0,0
"1715","San Luis Potosí","20500",15,15,0
"1716","San Luis Potosí","20600",96,96,0
"1717","San Luis Potosí","20700",0,0,0
"1718","San Luis Potosí","30100",62,62,0
"1719","San Luis Potosí","30200",1,1,0
"1720","San Luis Potosí","30300",0,0,0
"1721","San Luis Potosí","30400",103,103,0
"1722","San Luis Potosí","30500",0,0,0
"1723","San Luis Potosí","30600",0,0,0
"1724","San Luis Potosí","30700",0,0,0
"1725","San Luis Potosí","40100",400,399,1
"1726","San Luis Potosí","40200",6,0,6
"1727","San Luis Potosí","40300",25,25,0
"1728","San Luis Potosí","40400",2,2,0
"1729","San Luis Potosí","40500",23,23,0
"1730","San Luis Potosí","40600",20,20,0
"1731","San Luis Potosí","40700",3,3,0
"1732","San Luis Potosí","40800",0,0,0
"1733","San Luis Potosí","50100",97,97,0
"1734","San Luis Potosí","50200",10,10,0
"1735","San Luis Potosí","50300",0,0,0
"1736","San Luis Potosí","60100",5,5,0
"1737","San Luis Potosí","60200",4,4,0
"1738","San Luis Potosí","60300",0,0,0
"1739","San Luis Potosí","60400",0,0,0
"1740","San Luis Potosí","60500",0,0,0
"1741","San Luis Potosí","60600",14,14,0
"1742","San Luis Potosí","70100",67,67,0
"1743","San Luis Potosí","70200",45,0,45
"1744","San Luis Potosí","70300",0,0,0
"1745","San Luis Potosí","70400",10,10,0
"1746","San Luis Potosí","70500",1,0,1
"1747","San Luis Potosí","70600",49,0,49
"1748","San Luis Potosí","70700",19,19,0
"1749","San Luis Potosí","70800",0,0,0
"1750","San Luis Potosí","70900",0,0,0
"1751","San Luis Potosí","80100",8,8,0
"1752","San Luis Potosí","80200",0,0,0
"1753","San Luis Potosí","80300",0,0,0
"1754","San Luis Potosí","80400",0,0,0
"1755","San Luis Potosí","80500",1,1,0
"1756","San Luis Potosí","90100",13,13,0
"1757","San Luis Potosí","90200",3,3,0
"1758","San Luis Potosí","90300",0,0,0
"1759","San Luis Potosí","90400",2,0,2
"1760","San Luis Potosí","90500",0,0,0
"1761","San Luis Potosí","90600",0,0,0
"1762","San Luis Potosí","90700",2,0,2
"1763","San Luis Potosí","90800",0,0,0
"1764","San Luis Potosí","90900",0,0,0
"1765","San Luis Potosí","91000",0,0,0
"1766","San Luis Potosí","91100",1,1,0
"1767","San Luis Potosí","91200",2,2,0
"1768","San Luis Potosí","91300",0,0,0
"1769","San Luis Potosí","91400",1,1,0
"1770","San Luis Potosí","91500",0,0,0
"1771","San Luis Potosí","91600",0,0,0
"1772","San Luis Potosí","91700",1,1,0
"1773","San Luis Potosí","91800",19,18,1
"1774","San Luis Potosí","100100",0,0,0
"1775","San Luis Potosí","999999",0,0,0
"1776","Sinaloa","Total",1649,1395,254
"1777","Sinaloa","10100",84,84,0
"1778","Sinaloa","10200",21,21,0
"1779","Sinaloa","10300",0,0,0
"1780","Sinaloa","10400",74,74,0
"1781","Sinaloa","10500",7,7,0
"1782","Sinaloa","20100",20,20,0
"1783","Sinaloa","20200",0,0,0
"1784","Sinaloa","20300",0,0,0
"1785","Sinaloa","20400",1,1,0
"1786","Sinaloa","20500",0,0,0
"1787","Sinaloa","20600",26,26,0
"1788","Sinaloa","20700",2,2,0
"1789","Sinaloa","30100",52,52,0
"1790","Sinaloa","30200",2,2,0
"1791","Sinaloa","30300",0,0,0
"1792","Sinaloa","30400",92,92,0
"1793","Sinaloa","30500",5,5,0
"1794","Sinaloa","30600",0,0,0
"1795","Sinaloa","30700",0,0,0
"1796","Sinaloa","40100",468,468,0
"1797","Sinaloa","40200",0,0,0
"1798","Sinaloa","40300",11,10,1
"1799","Sinaloa","40400",3,3,0
"1800","Sinaloa","40500",2,2,0
"1801","Sinaloa","40600",19,19,0
"1802","Sinaloa","40700",9,9,0
"1803","Sinaloa","40800",18,18,0
"1804","Sinaloa","50100",172,172,0
"1805","Sinaloa","50200",13,13,0
"1806","Sinaloa","50300",3,3,0
"1807","Sinaloa","60100",4,4,0
"1808","Sinaloa","60200",1,1,0
"1809","Sinaloa","60300",0,0,0
"1810","Sinaloa","60400",0,0,0
"1811","Sinaloa","60500",0,0,0
"1812","Sinaloa","60600",0,0,0
"1813","Sinaloa","70100",322,220,102
"1814","Sinaloa","70200",203,56,147
"1815","Sinaloa","70300",0,0,0
"1816","Sinaloa","70400",0,0,0
"1817","Sinaloa","70500",0,0,0
"1818","Sinaloa","70600",3,0,3
"1819","Sinaloa","70700",0,0,0
"1820","Sinaloa","70800",0,0,0
"1821","Sinaloa","70900",1,1,0
"1822","Sinaloa","80100",2,1,1
"1823","Sinaloa","80200",0,0,0
"1824","Sinaloa","80300",0,0,0
"1825","Sinaloa","80400",0,0,0
"1826","Sinaloa","80500",0,0,0
"1827","Sinaloa","90100",3,3,0
"1828","Sinaloa","90200",0,0,0
"1829","Sinaloa","90300",1,1,0
"1830","Sinaloa","90400",1,1,0
"1831","Sinaloa","90500",0,0,0
"1832","Sinaloa","90600",0,0,0
"1833","Sinaloa","90700",0,0,0
"1834","Sinaloa","90800",0,0,0
"1835","Sinaloa","90900",0,0,0
"1836","Sinaloa","91000",0,0,0
"1837","Sinaloa","91100",0,0,0
"1838","Sinaloa","91200",0,0,0
"1839","Sinaloa","91300",0,0,0
"1840","Sinaloa","91400",0,0,0
"1841","Sinaloa","91500",0,0,0
"1842","Sinaloa","91600",0,0,0
"1843","Sinaloa","91700",0,0,0
"1844","Sinaloa","91800",4,4,0
"1845","Sinaloa","100100",0,0,0
"1846","Sinaloa","999999",0,0,0
"1847","Sonora","Total",11324,10861,463
"1848","Sonora","10100",315,314,1
"1849","Sonora","10200",28,28,0
"1850","Sonora","10300",1,1,0
"1851","Sonora","10400",223,223,0
"1852","Sonora","10500",71,71,0
"1853","Sonora","20100",107,107,0
"1854","Sonora","20200",0,0,0
"1855","Sonora","20300",0,0,0
"1856","Sonora","20400",1,1,0
"1857","Sonora","20500",2,2,0
"1858","Sonora","20600",30,30,0
"1859","Sonora","20700",0,0,0
"1860","Sonora","30100",87,87,0
"1861","Sonora","30200",3,3,0
"1862","Sonora","30300",1,1,0
"1863","Sonora","30400",117,117,0
"1864","Sonora","30500",1,1,0
"1865","Sonora","30600",0,0,0
"1866","Sonora","30700",72,72,0
"1867","Sonora","40100",3415,3409,6
"1868","Sonora","40200",0,0,0
"1869","Sonora","40300",50,50,0
"1870","Sonora","40400",15,15,0
"1871","Sonora","40500",18,18,0
"1872","Sonora","40600",77,75,2
"1873","Sonora","40700",17,17,0
"1874","Sonora","40800",90,90,0
"1875","Sonora","50100",809,809,0
"1876","Sonora","50200",131,131,0
"1877","Sonora","50300",10,10,0
"1878","Sonora","60100",78,77,1
"1879","Sonora","60200",2,2,0
"1880","Sonora","60300",0,0,0
"1881","Sonora","60400",0,0,0
"1882","Sonora","60500",0,0,0
"1883","Sonora","60600",4,3,1
"1884","Sonora","70100",3830,3732,98
"1885","Sonora","70200",229,0,229
"1886","Sonora","70300",0,0,0
"1887","Sonora","70400",991,991,0
"1888","Sonora","70500",1,0,1
"1889","Sonora","70600",110,0,110
"1890","Sonora","70700",53,52,1
"1891","Sonora","70800",0,0,0
"1892","Sonora","70900",5,5,0
"1893","Sonora","80100",6,6,0
"1894","Sonora","80200",20,20,0
"1895","Sonora","80300",0,0,0
"1896","Sonora","80400",0,0,0
"1897","Sonora","80500",49,49,0
"1898","Sonora","90100",28,28,0
"1899","Sonora","90200",153,152,1
"1900","Sonora","90300",4,4,0
"1901","Sonora","90400",7,3,4
"1902","Sonora","90500",1,0,1
"1903","Sonora","90600",2,1,1
"1904","Sonora","90700",2,0,2
"1905","Sonora","90800",0,0,0
"1906","Sonora","90900",0,0,0
"1907","Sonora","91000",0,0,0
"1908","Sonora","91100",0,0,0
"1909","Sonora","91200",11,11,0
"1910","Sonora","91300",3,0,3
"1911","Sonora","91400",0,0,0
"1912","Sonora","91500",3,3,0
"1913","Sonora","91600",0,0,0
"1914","Sonora","91700",7,7,0
"1915","Sonora","91800",34,33,1
"1916","Sonora","100100",0,0,0
"1917","Sonora","999999",0,0,0
"1918","Tabasco","Total",1925,1890,35
"1919","Tabasco","10100",252,252,0
"1920","Tabasco","10200",27,27,0
"1921","Tabasco","10300",0,0,0
"1922","Tabasco","10400",97,97,0
"1923","Tabasco","10500",0,0,0
"1924","Tabasco","20100",2,2,0
"1925","Tabasco","20200",0,0,0
"1926","Tabasco","20300",2,2,0
"1927","Tabasco","20400",0,0,0
"1928","Tabasco","20500",1,1,0
"1929","Tabasco","20600",95,95,0
"1930","Tabasco","20700",0,0,0
"1931","Tabasco","30100",12,12,0
"1932","Tabasco","30200",8,8,0
"1933","Tabasco","30300",4,4,0
"1934","Tabasco","30400",61,61,0
"1935","Tabasco","30500",18,18,0
"1936","Tabasco","30600",0,0,0
"1937","Tabasco","30700",0,0,0
"1938","Tabasco","40100",819,819,0
"1939","Tabasco","40200",17,0,17
"1940","Tabasco","40300",10,10,0
"1941","Tabasco","40400",3,3,0
"1942","Tabasco","40500",28,28,0
"1943","Tabasco","40600",8,8,0
"1944","Tabasco","40700",2,2,0
"1945","Tabasco","40800",0,0,0
"1946","Tabasco","50100",157,157,0
"1947","Tabasco","50200",45,45,0
"1948","Tabasco","50300",0,0,0
"1949","Tabasco","60100",76,76,0
"1950","Tabasco","60200",6,6,0
"1951","Tabasco","60300",5,5,0
"1952","Tabasco","60400",0,0,0
"1953","Tabasco","60500",0,0,0
"1954","Tabasco","60600",0,0,0
"1955","Tabasco","70100",70,70,0
"1956","Tabasco","70200",12,0,12
"1957","Tabasco","70300",0,0,0
"1958","Tabasco","70400",0,0,0
"1959","Tabasco","70500",0,0,0
"1960","Tabasco","70600",6,0,6
"1961","Tabasco","70700",53,53,0
"1962","Tabasco","70800",0,0,0
"1963","Tabasco","70900",0,0,0
"1964","Tabasco","80100",1,1,0
"1965","Tabasco","80200",0,0,0
"1966","Tabasco","80300",0,0,0
"1967","Tabasco","80400",0,0,0
"1968","Tabasco","80500",0,0,0
"1969","Tabasco","90100",7,7,0
"1970","Tabasco","90200",3,3,0
"1971","Tabasco","90300",0,0,0
"1972","Tabasco","90400",0,0,0
"1973","Tabasco","90500",0,0,0
"1974","Tabasco","90600",15,15,0
"1975","Tabasco","90700",0,0,0
"1976","Tabasco","90800",0,0,0
"1977","Tabasco","90900",0,0,0
"1978","Tabasco","91000",0,0,0
"1979","Tabasco","91100",0,0,0
"1980","Tabasco","91200",3,3,0
"1981","Tabasco","91300",0,0,0
"1982","Tabasco","91400",0,0,0
"1983","Tabasco","91500",0,0,0
"1984","Tabasco","91600",0,0,0
"1985","Tabasco","91700",0,0,0
"1986","Tabasco","91800",0,0,0
"1987","Tabasco","100100",0,0,0
"1988","Tabasco","999999",0,0,0
"1989","Tamaulipas","Total",1153,853,300
"1990","Tamaulipas","10100",106,104,2
"1991","Tamaulipas","10200",11,11,0
"1992","Tamaulipas","10300",2,0,2
"1993","Tamaulipas","10400",32,32,0
"1994","Tamaulipas","10500",15,15,0
"1995","Tamaulipas","20100",1,1,0
"1996","Tamaulipas","20200",0,0,0
"1997","Tamaulipas","20300",0,0,0
"1998","Tamaulipas","20400",0,0,0
"1999","Tamaulipas","20500",0,0,0
"2000","Tamaulipas","20600",68,68,0
"2001","Tamaulipas","20700",0,0,0
"2002","Tamaulipas","30100",42,42,0
"2003","Tamaulipas","30200",0,0,0
"2004","Tamaulipas","30300",0,0,0
"2005","Tamaulipas","30400",78,78,0
"2006","Tamaulipas","30500",0,0,0
"2007","Tamaulipas","30600",0,0,0
"2008","Tamaulipas","30700",5,5,0
"2009","Tamaulipas","40100",145,145,0
"2010","Tamaulipas","40200",6,0,6
"2011","Tamaulipas","40300",4,4,0
"2012","Tamaulipas","40400",3,3,0
"2013","Tamaulipas","40500",24,24,0
"2014","Tamaulipas","40600",5,5,0
"2015","Tamaulipas","40700",4,4,0
"2016","Tamaulipas","40800",53,53,0
"2017","Tamaulipas","50100",8,8,0
"2018","Tamaulipas","50200",23,23,0
"2019","Tamaulipas","50300",0,0,0
"2020","Tamaulipas","60100",8,8,0
"2021","Tamaulipas","60200",0,0,0
"2022","Tamaulipas","60300",0,0,0
"2023","Tamaulipas","60400",0,0,0
"2024","Tamaulipas","60500",0,0,0
"2025","Tamaulipas","60600",1,1,0
"2026","Tamaulipas","70100",60,60,0
"2027","Tamaulipas","70200",28,0,28
"2028","Tamaulipas","70300",0,0,0
"2029","Tamaulipas","70400",14,14,0
"2030","Tamaulipas","70500",0,0,0
"2031","Tamaulipas","70600",248,0,248
"2032","Tamaulipas","70700",30,27,3
"2033","Tamaulipas","70800",0,0,0
"2034","Tamaulipas","70900",79,79,0
"2035","Tamaulipas","80100",10,10,0
"2036","Tamaulipas","80200",0,0,0
"2037","Tamaulipas","80300",2,0,2
"2038","Tamaulipas","80400",0,0,0
"2039","Tamaulipas","80500",4,4,0
"2040","Tamaulipas","90100",6,6,0
"2041","Tamaulipas","90200",9,9,0
"2042","Tamaulipas","90300",2,0,2
"2043","Tamaulipas","90400",3,3,0
"2044","Tamaulipas","90500",0,0,0
"2045","Tamaulipas","90600",0,0,0
"2046","Tamaulipas","90700",2,0,2
"2047","Tamaulipas","90800",0,0,0
"2048","Tamaulipas","90900",0,0,0
"2049","Tamaulipas","91000",0,0,0
"2050","Tamaulipas","91100",0,0,0
"2051","Tamaulipas","91200",2,2,0
"2052","Tamaulipas","91300",1,1,0
"2053","Tamaulipas","91400",0,0,0
"2054","Tamaulipas","91500",0,0,0
"2055","Tamaulipas","91600",0,0,0
"2056","Tamaulipas","91700",0,0,0
"2057","Tamaulipas","91800",9,4,5
"2058","Tamaulipas","100100",0,0,0
"2059","Tamaulipas","999999",0,0,0
"2060","Tlaxcala","Total",774,548,226
"2061","Tlaxcala","10100",53,53,0
"2062","Tlaxcala","10200",5,4,1
"2063","Tlaxcala","10300",0,0,0
"2064","Tlaxcala","10400",52,52,0
"2065","Tlaxcala","10500",0,0,0
"2066","Tlaxcala","20100",5,5,0
"2067","Tlaxcala","20200",0,0,0
"2068","Tlaxcala","20300",0,0,0
"2069","Tlaxcala","20400",0,0,0
"2070","Tlaxcala","20500",2,2,0
"2071","Tlaxcala","20600",79,46,33
"2072","Tlaxcala","20700",1,1,0
"2073","Tlaxcala","30100",10,10,0
"2074","Tlaxcala","30200",0,0,0
"2075","Tlaxcala","30300",0,0,0
"2076","Tlaxcala","30400",48,48,0
"2077","Tlaxcala","30500",0,0,0
"2078","Tlaxcala","30600",0,0,0
"2079","Tlaxcala","30700",0,0,0
"2080","Tlaxcala","40100",285,225,60
"2081","Tlaxcala","40200",18,0,18
"2082","Tlaxcala","40300",13,13,0
"2083","Tlaxcala","40400",2,2,0
"2084","Tlaxcala","40500",3,3,0
"2085","Tlaxcala","40600",7,7,0
"2086","Tlaxcala","40700",3,3,0
"2087","Tlaxcala","40800",0,0,0
"2088","Tlaxcala","50100",0,0,0
"2089","Tlaxcala","50200",13,13,0
"2090","Tlaxcala","50300",0,0,0
"2091","Tlaxcala","60100",1,1,0
"2092","Tlaxcala","60200",11,9,2
"2093","Tlaxcala","60300",0,0,0
"2094","Tlaxcala","60400",0,0,0
"2095","Tlaxcala","60500",1,1,0
"2096","Tlaxcala","60600",0,0,0
"2097","Tlaxcala","70100",23,14,9
"2098","Tlaxcala","70200",10,0,10
"2099","Tlaxcala","70300",0,0,0
"2100","Tlaxcala","70400",13,13,0
"2101","Tlaxcala","70500",1,0,1
"2102","Tlaxcala","70600",69,0,69
"2103","Tlaxcala","70700",1,1,0
"2104","Tlaxcala","70800",0,0,0
"2105","Tlaxcala","70900",4,4,0
"2106","Tlaxcala","80100",11,9,2
"2107","Tlaxcala","80200",0,0,0
"2108","Tlaxcala","80300",0,0,0
"2109","Tlaxcala","80400",0,0,0
"2110","Tlaxcala","80500",0,0,0
"2111","Tlaxcala","90100",1,1,0
"2112","Tlaxcala","90200",0,0,0
"2113","Tlaxcala","90300",0,0,0
"2114","Tlaxcala","90400",0,0,0
"2115","Tlaxcala","90500",0,0,0
"2116","Tlaxcala","90600",0,0,0
"2117","Tlaxcala","90700",1,0,1
"2118","Tlaxcala","90800",0,0,0
"2119","Tlaxcala","90900",0,0,0
"2120","Tlaxcala","91000",0,0,0
"2121","Tlaxcala","91100",0,0,0
"2122","Tlaxcala","91200",6,6,0
"2123","Tlaxcala","91300",0,0,0
"2124","Tlaxcala","91400",0,0,0
"2125","Tlaxcala","91500",0,0,0
"2126","Tlaxcala","91600",16,0,16
"2127","Tlaxcala","91700",0,0,0
"2128","Tlaxcala","91800",3,2,1
"2129","Tlaxcala","100100",3,0,3
"2130","Tlaxcala","999999",0,0,0
"2131","Veracruz","Total",3857,3625,232
"2132","Veracruz","10100",390,390,0
"2133","Veracruz","10200",47,47,0
"2134","Veracruz","10300",0,0,0
"2135","Veracruz","10400",293,293,0
"2136","Veracruz","10500",9,9,0
"2137","Veracruz","20100",103,103,0
"2138","Veracruz","20200",0,0,0
"2139","Veracruz","20300",5,5,0
"2140","Veracruz","20400",0,0,0
"2141","Veracruz","20500",26,26,0
"2142","Veracruz","20600",413,413,0
"2143","Veracruz","20700",0,0,0
"2144","Veracruz","30100",77,77,0
"2145","Veracruz","30200",7,7,0
"2146","Veracruz","30300",0,0,0
"2147","Veracruz","30400",215,215,0
"2148","Veracruz","30500",2,2,0
"2149","Veracruz","30600",0,0,0
"2150","Veracruz","30700",0,0,0
"2151","Veracruz","40100",726,726,0
"2152","Veracruz","40200",22,0,22
"2153","Veracruz","40300",59,59,0
"2154","Veracruz","40400",12,12,0
"2155","Veracruz","40500",33,33,0
"2156","Veracruz","40600",114,114,0
"2157","Veracruz","40700",32,32,0
"2158","Veracruz","40800",1,1,0
"2159","Veracruz","50100",145,145,0
"2160","Veracruz","50200",57,57,0
"2161","Veracruz","50300",0,0,0
"2162","Veracruz","60100",259,259,0
"2163","Veracruz","60200",4,4,0
"2164","Veracruz","60300",2,2,0
"2165","Veracruz","60400",0,0,0
"2166","Veracruz","60500",0,0,0
"2167","Veracruz","60600",0,0,0
"2168","Veracruz","70100",270,270,0
"2169","Veracruz","70200",44,0,44
"2170","Veracruz","70300",0,0,0
"2171","Veracruz","70400",5,0,5
"2172","Veracruz","70500",13,0,13
"2173","Veracruz","70600",83,0,83
"2174","Veracruz","70700",1,1,0
"2175","Veracruz","70800",20,20,0
"2176","Veracruz","70900",31,31,0
"2177","Veracruz","80100",44,44,0
"2178","Veracruz","80200",0,0,0
"2179","Veracruz","80300",9,0,9
"2180","Veracruz","80400",6,0,6
"2181","Veracruz","80500",161,161,0
"2182","Veracruz","90100",26,26,0
"2183","Veracruz","90200",6,6,0
"2184","Veracruz","90300",3,3,0
"2185","Veracruz","90400",2,2,0
"2186","Veracruz","90500",2,0,2
"2187","Veracruz","90600",2,2,0
"2188","Veracruz","90700",32,0,32
"2189","Veracruz","90800",0,0,0
"2190","Veracruz","90900",0,0,0
"2191","Veracruz","91000",0,0,0
"2192","Veracruz","91100",0,0,0
"2193","Veracruz","91200",3,3,0
"2194","Veracruz","91300",0,0,0
"2195","Veracruz","91400",1,0,1
"2196","Veracruz","91500",3,0,3
"2197","Veracruz","91600",12,0,12
"2198","Veracruz","91700",0,0,0
"2199","Veracruz","91800",25,25,0
"2200","Veracruz","100100",0,0,0
"2201","Veracruz","999999",0,0,0
"2202","Yucatán","Total",867,811,56
"2203","Yucatán","10100",63,63,0
"2204","Yucatán","10200",4,4,0
"2205","Yucatán","10300",0,0,0
"2206","Yucatán","10400",84,84,0
"2207","Yucatán","10500",15,15,0
"2208","Yucatán","20100",0,0,0
"2209","Yucatán","20200",0,0,0
"2210","Yucatán","20300",0,0,0
"2211","Yucatán","20400",0,0,0
"2212","Yucatán","20500",0,0,0
"2213","Yucatán","20600",0,0,0
"2214","Yucatán","20700",0,0,0
"2215","Yucatán","30100",29,29,0
"2216","Yucatán","30200",0,0,0
"2217","Yucatán","30300",0,0,0
"2218","Yucatán","30400",46,46,0
"2219","Yucatán","30500",0,0,0
"2220","Yucatán","30600",0,0,0
"2221","Yucatán","30700",0,0,0
"2222","Yucatán","40100",192,192,0
"2223","Yucatán","40200",1,0,1
"2224","Yucatán","40300",12,10,2
"2225","Yucatán","40400",0,0,0
"2226","Yucatán","40500",0,0,0
"2227","Yucatán","40600",37,37,0
"2228","Yucatán","40700",15,15,0
"2229","Yucatán","40800",0,0,0
"2230","Yucatán","50100",47,47,0
"2231","Yucatán","50200",24,24,0
"2232","Yucatán","50300",0,0,0
"2233","Yucatán","60100",0,0,0
"2234","Yucatán","60200",0,0,0
"2235","Yucatán","60300",0,0,0
"2236","Yucatán","60400",0,0,0
"2237","Yucatán","60500",0,0,0
"2238","Yucatán","60600",1,1,0
"2239","Yucatán","70100",200,199,1
"2240","Yucatán","70200",24,0,24
"2241","Yucatán","70300",0,0,0
"2242","Yucatán","70400",8,8,0
"2243","Yucatán","70500",0,0,0
"2244","Yucatán","70600",12,0,12
"2245","Yucatán","70700",0,0,0
"2246","Yucatán","70800",0,0,0
"2247","Yucatán","70900",3,3,0
"2248","Yucatán","80100",10,6,4
"2249","Yucatán","80200",0,0,0
"2250","Yucatán","80300",0,0,0
"2251","Yucatán","80400",1,0,1
"2252","Yucatán","80500",0,0,0
"2253","Yucatán","90100",2,2,0
"2254","Yucatán","90200",2,2,0
"2255","Yucatán","90300",0,0,0
"2256","Yucatán","90400",13,11,2
"2257","Yucatán","90500",7,0,7
"2258","Yucatán","90600",2,2,0
"2259","Yucatán","90700",0,0,0
"2260","Yucatán","90800",0,0,0
"2261","Yucatán","90900",0,0,0
"2262","Yucatán","91000",0,0,0
"2263","Yucatán","91100",1,0,1
"2264","Yucatán","91200",0,0,0
"2265","Yucatán","91300",0,0,0
"2266","Yucatán","91400",0,0,0
"2267","Yucatán","91500",8,7,1
"2268","Yucatán","91600",0,0,0
"2269","Yucatán","91700",0,0,0
"2270","Yucatán","91800",4,4,0
"2271","Yucatán","100100",0,0,0
"2272","Yucatán","999999",0,0,0
"2273","Zacatecas","Total",2195,1780,415
"2274","Zacatecas","10100",256,256,0
"2275","Zacatecas","10200",32,32,0
"2276","Zacatecas","10300",0,0,0
"2277","Zacatecas","10400",160,160,0
"2278","Zacatecas","10500",10,10,0
"2279","Zacatecas","20100",60,60,0
"2280","Zacatecas","20200",0,0,0
"2281","Zacatecas","20300",1,1,0
"2282","Zacatecas","20400",0,0,0
"2283","Zacatecas","20500",2,2,0
"2284","Zacatecas","20600",304,304,0
"2285","Zacatecas","20700",3,3,0
"2286","Zacatecas","30100",23,23,0
"2287","Zacatecas","30200",2,2,0
"2288","Zacatecas","30300",0,0,0
"2289","Zacatecas","30400",104,104,0
"2290","Zacatecas","30500",0,0,0
"2291","Zacatecas","30600",0,0,0
"2292","Zacatecas","30700",1,1,0
"2293","Zacatecas","40100",393,393,0
"2294","Zacatecas","40200",1,0,1
"2295","Zacatecas","40300",34,33,1
"2296","Zacatecas","40400",12,12,0
"2297","Zacatecas","40500",24,24,0
"2298","Zacatecas","40600",24,24,0
"2299","Zacatecas","40700",10,10,0
"2300","Zacatecas","40800",5,5,0
"2301","Zacatecas","50100",127,127,0
"2302","Zacatecas","50200",13,13,0
"2303","Zacatecas","50300",3,3,0
"2304","Zacatecas","60100",3,3,0
"2305","Zacatecas","60200",0,0,0
"2306","Zacatecas","60300",48,48,0
"2307","Zacatecas","60400",0,0,0
"2308","Zacatecas","60500",0,0,0
"2309","Zacatecas","60600",4,4,0
"2310","Zacatecas","70100",48,39,9
"2311","Zacatecas","70200",3,0,3
"2312","Zacatecas","70300",0,0,0
"2313","Zacatecas","70400",0,0,0
"2314","Zacatecas","70500",9,0,9
"2315","Zacatecas","70600",348,0,348
"2316","Zacatecas","70700",26,9,17
"2317","Zacatecas","70800",0,0,0
"2318","Zacatecas","70900",0,0,0
"2319","Zacatecas","80100",3,3,0
"2320","Zacatecas","80200",0,0,0
"2321","Zacatecas","80300",0,0,0
"2322","Zacatecas","80400",0,0,0
"2323","Zacatecas","80500",0,0,0
"2324","Zacatecas","90100",39,39,0
"2325","Zacatecas","90200",33,33,0
"2326","Zacatecas","90300",0,0,0
"2327","Zacatecas","90400",0,0,0
"2328","Zacatecas","90500",0,0,0
"2329","Zacatecas","90600",0,0,0
"2330","Zacatecas","90700",26,0,26
"2331","Zacatecas","90800",0,0,0
"2332","Zacatecas","90900",0,0,0
"2333","Zacatecas","91000",0,0,0
"2334","Zacatecas","91100",0,0,0
"2335","Zacatecas","91200",0,0,0
"2336","Zacatecas","91300",1,0,1
"2337","Zacatecas","91400",0,0,0
"2338","Zacatecas","91500",0,0,0
"2339","Zacatecas","91600",0,0,0
"2340","Zacatecas","91700",0,0,0
"2341","Zacatecas","91800",0,0,0
"2342","Zacatecas","100100",0,0,0
"2343","Zacatecas","999999",0,0,0
